timestamp,high,low,open,close,volume
1514764800000,231.19000000,212.74000000,223.69000000,222.61000000,20221.25300000
1514851200000,256.49000000,222.62000000,222.62000000,247.33000000,63293.12934000
1514937600000,253.40000000,233.56000000,247.33000000,238.77000000,71369.27484000
1515024000000,240.00000000,219.38000000,238.89000000,233.00000000,78182.30493000
1515110400000,250.99000000,230.00000000,233.04000000,240.54000000,65010.14465000
1515196800000,315.00000000,238.73000000,240.95000000,275.28000000,100812.21370000
1515283200000,287.00000000,262.00000000,276.24000000,269.01000000,43811.61108000
1515369600000,271.82000000,212.74000000,269.01000000,252.65000000,76256.97086000
1515456000000,257.64000000,228.24000000,252.49000000,244.48000000,53921.90417000
1515542400000,248.99000000,225.05000000,244.56000000,247.63000000,70931.30085000
1515628800000,252.27000000,195.03000000,247.63000000,223.77000000,83842.47294000
1515715200000,240.45000000,213.01000000,223.76000000,233.11000000,45676.80703000
1515801600000,263.99000000,232.54000000,233.11000000,257.98000000,42811.12858000
1515888000000,271.64000000,222.00000000,257.98000000,234.12000000,62203.40257000
1515974400000,242.31000000,227.60000000,234.26000000,229.50000000,35755.94861000
1516060800000,242.00000000,135.67000000,229.50000000,179.28000000,150044.07322000
1516147200000,198.89000000,136.20000000,179.28000000,182.44000000,155640.00921000
1516233600000,202.19000000,170.50000000,183.45000000,186.14000000,98372.75595000
1516320000000,199.00000000,176.04000000,186.21000000,191.42000000,59369.45319000
1516406400000,215.00000000,190.67000000,191.44000000,210.40000000,59162.64755000
1516492800000,210.69000000,180.00000000,210.05000000,190.16000000,64817.00761000
1516579200000,195.00000000,163.44000000,190.52000000,178.00000000,60376.36050000
1516665600000,186.42000000,163.02000000,178.00000000,176.98000000,49510.38638000
1516752000000,186.30000000,171.58000000,176.94000000,180.89000000,43298.49800000
1516838400000,186.00000000,175.58000000,180.83000000,179.59000000,39819.99079000
1516924800000,183.06000000,165.00000000,179.00000000,177.09000000,49473.65655000
1517011200000,184.00000000,173.00000000,175.73000000,182.10000000,31424.87310000
1517097600000,198.00000000,181.70000000,182.11000000,196.74000000,47275.56346000
1517184000000,197.19000000,180.01000000,196.74000000,181.50000000,36900.24385000
1517270400000,181.96000000,160.59000000,181.51000000,168.21000000,56599.48048000
1517356800000,169.31000000,157.50000000,168.10000000,165.19000000,37253.63137000
1517443200000,167.20000000,132.00000000,164.83000000,143.69000000,64818.91744000
1517529600000,147.00000000,108.52000000,144.04000000,131.68000000,124193.03592000
1517616000000,166.99000000,120.06000000,131.99000000,160.30000000,143242.70975000
1517702400000,174.75000000,138.00000000,160.86000000,147.09000000,300059.19271000
1517788800000,153.96000000,116.60000000,147.29000000,125.17000000,299970.42074000
1517875200000,147.00000000,106.50000000,125.17000000,141.00000000,393108.74790000
1517961600000,157.00000000,130.01000000,140.96000000,137.21000000,178588.57054000
1518048000000,143.50000000,137.20000000,137.97000000,142.37000000,3877.47235000
1518134400000,164.40000000,142.37000000,142.37000000,163.73000000,65205.08736000
1518220800000,169.00000000,146.01000000,163.74000000,154.65000000,133107.16189000
1518307200000,156.10000000,139.00000000,154.62000000,148.28000000,90638.82249000
1518393600000,163.75000000,146.04000000,148.28000000,161.49000000,92515.29686000
1518480000000,162.95000000,152.00000000,161.55000000,159.63000000,76565.21628000
1518566400000,218.60000000,158.94000000,159.45000000,212.25000000,734010.65110000
1518652800000,236.66000000,206.50000000,212.25000000,220.64000000,676400.69461000
1518739200000,235.58000000,208.56000000,220.64000000,228.08000000,408040.45123000
1518825600000,232.20000000,222.78000000,228.00000000,228.00000000,190064.55131000
1518912000000,231.39000000,210.10000000,228.08000000,213.66000000,302164.90588000
1518998400000,226.50000000,196.00000000,213.23000000,221.44000000,171716.19683000
1519084800000,254.80000000,221.00000000,221.44000000,228.51000000,534334.84146000
1519171200000,233.53000000,203.12000000,228.50000000,209.60000000,493443.00002000
1519257600000,222.00000000,188.00000000,209.60000000,192.61000000,396496.54890000
1519344000000,216.28000000,182.00000000,192.69000000,206.40000000,427034.15419000
1519430400000,219.00000000,192.30000000,206.38000000,206.50000000,326443.09261000
1519516800000,223.17000000,198.94000000,206.69000000,217.78000000,314689.26189000
1519603200000,232.30000000,214.43000000,218.16000000,218.50000000,408480.12476000
1519689600000,224.36000000,211.80000000,218.25000000,214.60000000,248945.78729000
1519776000000,223.71000000,201.50000000,214.94000000,201.86000000,185588.08799000
1519862400000,215.00000000,200.20000000,201.86000000,209.17000000,121521.21293000
1519948800000,214.47000000,203.43000000,209.14000000,212.80000000,89853.18198000
1520035200000,218.39000000,208.00000000,212.80000000,210.04000000,120120.98049000
1520121600000,215.34000000,204.50000000,210.00000000,213.19000000,67079.93530000
1520208000000,217.00000000,208.17000000,213.19000000,210.14000000,71680.40092000
1520294400000,210.49000000,191.31000000,210.03000000,196.24000000,130006.53725000
1520380800000,199.28000000,173.08000000,196.20000000,185.25000000,229372.21016000
1520467200000,187.50000000,173.69000000,185.33000000,175.24000000,160132.53652000
1520553600000,190.00000000,157.68000000,175.06000000,185.79000000,308773.92425000
1520640000000,194.99000000,174.48000000,185.88000000,176.74000000,187043.85418000
1520726400000,194.00000000,169.85000000,176.85000000,188.16000000,197705.66569000
1520812800000,192.88000000,173.58000000,188.16000000,177.80000000,142835.10745000
1520899200000,182.90000000,170.51000000,177.80000000,175.01000000,115964.95615000
1520985600000,177.52000000,156.50000000,175.38000000,160.15000000,151320.17882000
1521072000000,167.70000000,149.55000000,160.00000000,164.00000000,207428.04449000
1521158400000,171.60000000,157.50000000,164.00000000,164.10000000,113818.45328000
1521244800000,165.96000000,150.20000000,164.12000000,151.75000000,105128.93202000
1521331200000,158.00000000,136.86000000,151.70000000,153.50000000,241693.69755000
1521417600000,163.88000000,150.66000000,153.59000000,161.20000000,171855.32008000
1521504000000,174.00000000,155.41000000,161.18000000,168.24000000,125783.56494000
1521590400000,175.88000000,165.22000000,168.50000000,168.54000000,110902.81246000
1521676800000,172.64000000,159.51000000,168.43000000,163.65000000,100604.62741000
1521763200000,169.50000000,156.13000000,163.65000000,168.66000000,80739.90111000
1521849600000,169.74000000,157.73000000,168.97000000,158.92000000,73773.75243000
1521936000000,162.89000000,156.75000000,158.81000000,160.01000000,46203.18669000
1522022400000,161.06000000,141.56000000,160.00000000,147.83000000,99508.29226000
1522108800000,149.34000000,134.40000000,147.71000000,135.00000000,103463.38910000
1522195200000,139.75000000,130.10000000,135.00000000,131.22000000,83839.85944000
1522281600000,132.60000000,112.51000000,131.31000000,114.70000000,187392.76989000
1522368000000,126.45000000,109.77000000,114.55000000,118.35000000,252079.14240000
1522454400000,124.28000000,115.26000000,118.10000000,116.05000000,128237.78840000
1522540800000,118.38000000,109.03000000,116.05000000,114.74000000,113209.88408000
1522627200000,121.71000000,113.54000000,114.97000000,119.05000000,91168.44423000
1522713600000,137.25000000,118.00000000,119.03000000,134.04000000,139283.42730000
1522800000000,134.77000000,115.20000000,133.82000000,118.07000000,168974.97950000
1522886400000,122.50000000,113.63000000,118.01000000,118.26000000,125611.59831000
1522972800000,120.15000000,111.31000000,118.41000000,112.79000000,83137.97172000
1523059200000,119.72000000,112.19000000,112.70000000,115.80000000,73178.28817000
1523145600000,118.49000000,115.34000000,115.80000000,117.55000000,42540.37579000
1523232000000,122.99000000,112.48000000,117.80000000,114.79000000,98639.79044000
1523318400000,115.26000000,111.25000000,114.62000000,114.25000000,54554.53212000
1523404800000,119.59000000,112.92000000,114.25000000,118.40000000,62636.41007000
1523491200000,130.90000000,112.92000000,118.40000000,129.67000000,232191.22828000
1523577600000,133.98000000,123.55000000,129.62000000,125.10000000,187842.62140000
1523664000000,129.71000000,124.00000000,125.28000000,126.40000000,77108.42942000
1523750400000,132.99000000,126.40000000,126.40000000,132.45000000,61105.32594000
1523836800000,133.49000000,124.88000000,132.45000000,128.96000000,86544.75050000
1523923200000,140.50000000,128.73000000,128.76000000,132.09000000,165601.88021000
1524009600000,141.43000000,131.50000000,132.10000000,140.36000000,100942.78845000
1524096000000,147.48000000,138.51000000,140.36000000,146.71000000,97431.94319000
1524182400000,156.49000000,142.62000000,146.50000000,155.71000000,139102.83366000
1524268800000,156.94000000,139.80000000,155.50000000,148.40000000,150940.43752000
1524355200000,153.14000000,144.26000000,148.38000000,146.38000000,84286.79520000
1524441600000,153.67000000,145.80000000,146.38000000,152.56000000,73891.75771000
1524528000000,166.29000000,152.44000000,152.57000000,164.78000000,172718.06809000
1524614400000,164.79000000,141.85000000,164.23000000,144.75000000,192757.19523000
1524700800000,154.84000000,142.00000000,144.74000000,153.19000000,98478.86456000
1524787200000,153.80000000,144.44000000,153.19000000,144.90000000,95174.33853000
1524873600000,153.74000000,144.49000000,145.66000000,152.10000000,80642.67696000
1524960000000,156.87000000,148.00000000,151.89000000,153.50000000,93443.53020000
1525046400000,154.90000000,147.00000000,153.51000000,148.37000000,92445.57179000
1525132800000,148.89000000,142.44000000,148.36000000,148.29000000,88367.51511000
1525219200000,153.76000000,146.21000000,148.28000000,151.58000000,76486.25106000
1525305600000,165.04000000,150.00000000,151.58000000,161.38000000,190732.67746000
1525392000000,172.10000000,157.10000000,161.17000000,169.44000000,175174.34128000
1525478400000,184.67000000,168.13000000,169.20000000,179.04000000,226947.81755000
1525564800000,184.98000000,164.80000000,178.86000000,172.32000000,198191.57381000
1525651200000,172.81000000,157.30000000,172.10000000,164.59000000,170523.83579000
1525737600000,168.66000000,155.05000000,164.52000000,158.89000000,113315.93625000
1525824000000,160.32000000,150.00000000,159.00000000,156.72000000,96837.57036000
1525910400000,160.90000000,147.22000000,156.75000000,148.16000000,87015.41914000
1525996800000,148.50000000,132.97000000,148.11000000,136.32000000,147425.60375000
1526083200000,144.47000000,130.32000000,136.32000000,141.57000000,91975.31387000
1526169600000,146.89000000,136.10000000,141.43000000,144.24000000,89476.86723000
1526256000000,152.95000000,134.19000000,144.19000000,147.42000000,171489.17098000
1526342400000,149.67000000,136.91000000,147.10000000,139.35000000,105112.90271000
1526428800000,140.86000000,133.50000000,139.34000000,138.92000000,70852.18798000
1526515200000,141.50000000,131.00000000,138.91000000,132.31000000,58209.58480000
1526601600000,137.49000000,128.00000000,132.07000000,135.95000000,66556.79304000
1526688000000,137.77000000,132.60000000,135.95000000,134.95000000,37830.56861000
1526774400000,141.00000000,132.50000000,134.89000000,139.64000000,47003.82267000
1526860800000,140.25000000,133.43000000,139.63000000,134.25000000,43516.21890000
1526947200000,136.25000000,127.31000000,134.25000000,127.89000000,41745.53907000
1527033600000,129.35000000,115.83000000,127.90000000,118.37000000,107080.51483000
1527120000000,124.85000000,114.70000000,118.29000000,122.58000000,79220.48706000
1527206400000,124.58000000,116.63000000,122.65000000,118.87000000,98242.40331000
1527292800000,122.46000000,117.18000000,118.78000000,118.45000000,121594.26960000
1527379200000,119.00000000,116.58000000,118.35000000,117.71000000,119072.15578000
1527465600000,118.97000000,110.00000000,117.72000000,110.82000000,75142.06687000
1527552000000,122.71000000,109.41000000,110.66000000,119.28000000,70835.89135000
1527638400000,122.73000000,114.69000000,119.52000000,117.18000000,47541.06432000
1527724800000,121.01000000,116.04000000,117.18000000,118.25000000,55831.28616000
1527811200000,120.40000000,116.62000000,118.25000000,120.19000000,51605.41534000
1527897600000,124.50000000,118.66000000,120.19000000,123.44000000,45059.33298000
1527984000000,127.98000000,122.23000000,123.44000000,125.33000000,52884.48398000
1528070400000,127.01000000,118.00000000,125.07000000,119.77000000,59686.24550000
1528156800000,122.60000000,115.77000000,119.77000000,122.18000000,48879.62750000
1528243200000,122.94000000,118.00000000,122.20000000,121.61000000,36817.66091000
1528329600000,123.84000000,119.40000000,121.63000000,121.54000000,39573.29608000
1528416000000,122.18000000,118.04000000,121.56000000,119.68000000,28982.19754000
1528502400000,120.93000000,116.70000000,119.90000000,117.40000000,17060.66336000
1528588800000,117.47000000,102.75000000,117.25000000,106.48000000,88683.19352000
1528675200000,108.42000000,102.70000000,106.50000000,107.20000000,56836.22735000
1528761600000,107.86000000,94.05000000,107.20000000,99.68000000,73444.59887000
1528848000000,100.45000000,86.71000000,99.68000000,93.37000000,168148.05693000
1528934400000,102.87000000,91.65000000,93.40000000,100.88000000,177889.85806000
1529020800000,100.98000000,94.49000000,100.89000000,95.50000000,155895.24619000
1529107200000,97.58000000,92.68000000,95.50000000,96.66000000,130013.99526000
1529193600000,98.20000000,94.51000000,96.65000000,94.95000000,119733.09263000
1529280000000,99.88000000,92.89000000,94.95000000,98.70000000,161804.46253000
1529366400000,120.00000000,96.91000000,98.79000000,98.67000000,130065.51125000
1529452800000,99.13000000,95.21000000,98.67000000,97.72000000,141985.64173000
1529539200000,99.30000000,96.00000000,97.72000000,96.72000000,137564.82500000
1529625600000,96.87000000,80.02000000,96.74000000,84.80000000,232108.91398000
1529712000000,86.77000000,81.31000000,84.75000000,82.73000000,165849.75562000
1529798400000,83.63000000,73.22000000,82.76000000,80.37000000,250304.81918000
1529884800000,84.38000000,78.55000000,80.46000000,81.48000000,164736.37327000
1529971200000,81.99000000,75.00000000,81.48000000,75.54000000,118123.18034000
1530057600000,81.75000000,74.87000000,75.63000000,80.60000000,139175.33409000
1530144000000,81.43000000,73.89000000,80.71000000,74.05000000,179829.06566000
1530230400000,80.79000000,72.15000000,74.24000000,78.94000000,182184.86448000
1530316800000,84.59000000,78.84000000,78.94000000,81.33000000,170407.29923000
1530403200000,81.83000000,77.73000000,81.34000000,79.95000000,145195.40481000
1530489600000,87.06000000,78.11000000,79.96000000,85.36000000,171028.13169000
1530576000000,90.00000000,83.64000000,85.36000000,85.09000000,192538.98749000
1530662400000,89.01000000,83.98000000,84.87000000,85.28000000,119209.87857000
1530748800000,87.11000000,81.77000000,85.23000000,83.33000000,170561.63319000
1530835200000,84.23000000,80.67000000,83.26000000,83.10000000,156241.98721000
1530921600000,85.35000000,79.40000000,83.10000000,84.79000000,161497.86946000
1531008000000,85.70000000,81.81000000,84.88000000,82.22000000,151162.89899000
1531094400000,83.12000000,79.80000000,82.26000000,80.46000000,164942.79095000
1531180800000,80.62000000,74.25000000,80.58000000,75.81000000,211707.97169000
1531267200000,80.98000000,75.31000000,75.79000000,78.18000000,192182.00671000
1531353600000,78.25000000,74.00000000,78.18000000,76.79000000,181966.74235000
1531440000000,78.60000000,74.96000000,76.82000000,76.53000000,167655.26932000
1531526400000,77.50000000,75.37000000,76.52000000,76.18000000,142798.45441000
1531612800000,79.50000000,75.10000000,76.19000000,78.54000000,149955.80081000
1531699200000,84.28000000,77.60000000,78.54000000,83.49000000,182917.22074000
1531785600000,90.00000000,81.30000000,83.65000000,89.06000000,204689.47756000
1531872000000,94.41000000,84.20000000,88.99000000,86.21000000,207474.92801000
1531958400000,89.00000000,84.80000000,86.26000000,86.00000000,154334.95177000
1532044800000,86.69000000,80.72000000,86.10000000,81.87000000,172067.63126000
1532131200000,84.93000000,79.50000000,81.84000000,83.44000000,134142.44869000
1532217600000,84.20000000,81.78000000,83.42000000,82.21000000,137457.81650000
1532304000000,85.96000000,81.10000000,82.20000000,81.38000000,143669.03549000
1532390400000,89.79000000,80.79000000,81.43000000,89.12000000,207891.17573000
1532476800000,90.75000000,84.81000000,89.02000000,86.38000000,164176.79921000
1532563200000,87.90000000,82.75000000,86.38000000,83.37000000,151787.84520000
1532649600000,85.12000000,81.37000000,83.51000000,84.39000000,158734.44422000
1532736000000,84.70000000,82.26000000,84.39000000,84.07000000,124974.46990000
1532822400000,85.38000000,83.22000000,84.10000000,83.85000000,119512.75440000
1532908800000,84.62000000,79.76000000,83.89000000,82.18000000,146947.05011000
1532995200000,82.63000000,76.02000000,82.16000000,78.69000000,157911.80410000
1533081600000,79.06000000,75.78000000,78.91000000,77.53000000,139634.79769000
1533168000000,78.46000000,75.33000000,77.62000000,76.11000000,134458.49970000
1533254400000,77.84000000,74.66000000,76.16000000,77.70000000,141502.89870000
1533340800000,78.15000000,72.10000000,77.63000000,73.13000000,148949.16457000
1533427200000,74.73000000,72.23000000,73.06000000,74.61000000,133945.84351000
1533513600000,76.70000000,72.35000000,74.60000000,73.62000000,137607.07273000
1533600000000,75.24000000,66.58000000,73.67000000,67.35000000,164019.46827000
1533686400000,67.49000000,60.80000000,67.32000000,62.13000000,185720.38797000
1533772800000,64.94000000,60.00000000,62.13000000,62.89000000,179209.22762000
1533859200000,63.14000000,58.12000000,62.84000000,59.16000000,181493.85537000
1533945600000,59.98000000,55.00000000,59.16000000,57.60000000,195460.35141000
1534032000000,61.55000000,57.02000000,57.73000000,59.32000000,173455.18347000
1534118400000,60.61000000,55.52000000,59.21000000,56.44000000,192384.17619000
1534204800000,56.50000000,49.20000000,56.50000000,54.24000000,230722.82945000
1534291200000,59.20000000,53.70000000,54.26000000,54.32000000,232565.44512000
1534377600000,57.58000000,54.06000000,54.32000000,55.29000000,153625.58485000
1534464000000,61.89000000,54.99000000,55.32000000,61.75000000,230326.37031000
1534550400000,62.31000000,55.12000000,61.79000000,57.04000000,205917.54266000
1534636800000,58.98000000,56.10000000,57.04000000,57.67000000,183235.72610000
1534723200000,58.50000000,53.18000000,57.79000000,53.39000000,220297.28735000
1534809600000,56.82000000,53.21000000,53.39000000,56.42000000,176189.09409000
1534896000000,59.75000000,53.82000000,56.43000000,55.14000000,243024.91246000
1534982400000,57.89000000,54.80000000,55.15000000,57.29000000,168194.87364000
1535068800000,58.36000000,55.50000000,57.30000000,57.82000000,162850.08326000
1535155200000,58.38000000,56.93000000,57.88000000,57.89000000,141200.40986000
1535241600000,58.08000000,55.74000000,57.88000000,56.99000000,149004.51461000
1535328000000,61.17000000,56.52000000,57.05000000,60.61000000,173547.49618000
1535414400000,63.74000000,59.65000000,60.69000000,63.13000000,213926.35247000
1535500800000,63.40000000,60.14000000,63.12000000,61.41000000,185484.94761000
1535587200000,61.65000000,58.55000000,61.52000000,60.23000000,179589.13646000
1535673600000,62.75000000,59.55000000,60.13000000,62.04000000,176396.73591000
1535760000000,67.93000000,61.97000000,62.04000000,66.49000000,210232.08113000
1535846400000,67.30000000,64.15000000,66.45000000,66.21000000,180336.18966000
1535932800000,66.55000000,64.21000000,66.21000000,65.44000000,162189.69577000
1536019200000,69.45000000,65.36000000,65.50000000,67.60000000,220730.47010000
1536105600000,68.36000000,57.61000000,67.63000000,57.82000000,331321.57394000
1536192000000,57.89000000,53.96000000,57.71000000,57.61000000,251529.33699000
1536278400000,58.53000000,55.00000000,57.61000000,55.66000000,193929.61889000
1536364800000,57.22000000,51.87000000,55.63000000,53.07000000,187659.63017000
1536451200000,56.72000000,52.20000000,53.09000000,54.74000000,208940.08803000
1536537600000,56.59000000,53.03000000,54.79000000,54.34000000,226840.05414000
1536624000000,54.75000000,49.74000000,54.34000000,52.04000000,239830.95074000
1536710400000,52.14000000,47.21000000,52.01000000,51.69000000,276375.64336000
1536796800000,55.49000000,51.66000000,51.69000000,54.44000000,232884.22924000
1536883200000,59.00000000,52.83000000,54.49000000,56.24000000,279002.97525000
1536969600000,58.73000000,55.61000000,56.21000000,56.22000000,236098.10118000
1537056000000,57.55000000,54.35000000,56.22000000,56.75000000,193175.78497000
1537142400000,57.85000000,51.37000000,56.75000000,52.07000000,256476.30399000
1537228800000,55.52000000,50.41000000,52.06000000,53.96000000,224751.43030000
1537315200000,55.28000000,51.62000000,53.93000000,54.27000000,228844.25202000
1537401600000,57.42000000,53.28000000,54.33000000,56.53000000,194009.04757000
1537488000000,62.73000000,56.33000000,56.52000000,60.83000000,323523.44211000
1537574400000,61.90000000,58.00000000,60.82000000,60.65000000,210861.69481000
1537660800000,63.82000000,59.86000000,60.58000000,61.38000000,244808.34389000
1537747200000,61.56000000,57.02000000,61.36000000,58.01000000,231626.38896000
1537833600000,58.16000000,54.25000000,58.03000000,57.61000000,279946.32153000
1537920000000,59.85000000,56.40000000,57.57000000,57.18000000,226177.44005000
1538006400000,65.67000000,56.58000000,57.25000000,63.28000000,496070.90060000
1538092800000,65.00000000,60.14000000,63.25000000,61.95000000,306042.00886000
1538179200000,62.34000000,58.95000000,61.95000000,61.61000000,206352.47293000
1538265600000,63.00000000,59.81000000,61.61000000,61.21000000,224746.26092000
1538352000000,62.09000000,59.51000000,61.19000000,60.45000000,189136.61486000
1538438400000,61.80000000,59.02000000,60.47000000,59.46000000,190207.92017000
1538524800000,59.66000000,56.67000000,59.42000000,57.56000000,199293.42312000
1538611200000,59.40000000,57.39000000,57.60000000,58.42000000,164171.36993000
1538697600000,59.85000000,57.65000000,58.43000000,58.93000000,152016.10897000
1538784000000,59.17000000,56.92000000,58.88000000,57.96000000,146487.74108000
1538870400000,58.64000000,56.88000000,57.98000000,58.33000000,137742.58904000
1538956800000,60.26000000,57.63000000,58.32000000,59.66000000,178247.28353000
1539043200000,59.84000000,58.29000000,59.65000000,59.03000000,156778.85225000
1539129600000,59.18000000,57.37000000,59.02000000,58.46000000,156144.05481000
1539216000000,58.66000000,50.62000000,58.43000000,51.36000000,269784.69405000
1539302400000,54.26000000,50.87000000,51.31000000,53.74000000,204719.86413000
1539388800000,54.88000000,53.20000000,53.70000000,54.05000000,162360.69862000
1539475200000,54.44000000,52.11000000,54.06000000,52.61000000,173244.35474000
1539561600000,61.86000000,52.17000000,52.61000000,56.16000000,380967.73216000
1539648000000,57.34000000,54.71000000,56.15000000,55.54000000,178767.67022000
1539734400000,55.72000000,54.32000000,55.54000000,55.27000000,189501.34735000
1539820800000,55.85000000,53.00000000,55.31000000,53.53000000,163778.72064000
1539907200000,54.74000000,53.31000000,53.53000000,53.71000000,131153.05917000
1539993600000,54.65000000,53.28000000,53.68000000,54.28000000,134248.62479000
1540080000000,54.90000000,53.44000000,54.27000000,53.61000000,139868.39748000
1540166400000,54.16000000,52.67000000,53.62000000,53.12000000,113096.19471000
1540252800000,53.97000000,52.53000000,53.12000000,53.33000000,56502.94760000
1540339200000,53.92000000,53.00000000,53.34000000,53.11000000,50279.98528000
1540425600000,53.27000000,52.52000000,53.12000000,52.84000000,43215.95472000
1540512000000,53.55000000,52.23000000,52.81000000,52.56000000,49669.65386000
1540598400000,53.08000000,51.72000000,52.60000000,52.25000000,39585.13085000
1540684800000,52.66000000,51.70000000,52.25000000,52.07000000,35288.39702000
1540771200000,52.26000000,48.17000000,52.10000000,49.21000000,93056.55633000
1540857600000,49.96000000,49.02000000,49.16000000,49.34000000,41869.78433000
1540944000000,50.71000000,47.71000000,49.35000000,49.93000000,59069.93640000
1541030400000,50.85000000,49.78000000,49.94000000,50.61000000,40743.54904000
1541116800000,52.20000000,50.56000000,50.63000000,51.78000000,55439.54227000
1541203200000,51.81000000,50.60000000,51.78000000,51.04000000,44526.44126000
1541289600000,56.33000000,50.77000000,51.09000000,54.60000000,131563.21910000
1541376000000,55.15000000,53.01000000,54.60000000,53.91000000,71425.68187000
1541462400000,56.88000000,53.87000000,53.93000000,56.48000000,82733.19375000
1541548800000,56.92000000,53.52000000,56.44000000,54.47000000,96697.10571000
1541635200000,55.12000000,52.42000000,54.49000000,52.72000000,71785.25117000
1541721600000,53.15000000,51.62000000,52.70000000,52.25000000,54807.00008000
1541808000000,53.08000000,51.97000000,52.28000000,52.48000000,37947.99062000
1541894400000,52.57000000,49.79000000,52.47000000,51.46000000,66550.49463000
1541980800000,52.04000000,50.59000000,51.50000000,51.26000000,60038.96458000
1542067200000,51.66000000,49.60000000,51.26000000,50.43000000,63966.88343000
1542153600000,51.08000000,42.00000000,50.41000000,45.05000000,307943.67228000
1542240000000,45.80000000,40.40000000,45.05000000,44.78000000,239147.14363000
1542326400000,44.95000000,42.38000000,44.78000000,42.89000000,126959.93430000
1542412800000,42.94000000,41.92000000,42.89000000,42.43000000,64923.26975000
1542499200000,43.84000000,42.11000000,42.46000000,42.61000000,69727.51818000
1542585600000,42.65000000,35.94000000,42.63000000,37.07000000,266627.81810000
1542672000000,38.80000000,31.47000000,37.11000000,33.80000000,481972.20552000
1542758400000,35.38000000,32.17000000,33.71000000,35.15000000,307689.28614000
1542844800000,35.68000000,31.84000000,35.17000000,32.11000000,140470.92969000
1542931200000,33.81000000,31.10000000,32.09000000,32.74000000,178263.37599000
1543017600000,34.30000000,29.07000000,32.74000000,29.73000000,175080.65021000
1543104000000,32.93000000,27.70000000,29.72000000,31.49000000,330712.41278000
1543190400000,32.88000000,28.66000000,31.51000000,30.18000000,346086.77239000
1543276800000,32.16000000,29.05000000,30.18000000,31.61000000,194024.53090000
1543363200000,36.51000000,31.39000000,31.62000000,34.74000000,261988.56211000
1543449600000,36.00000000,33.08000000,34.74000000,33.88000000,206424.03941000
1543536000000,34.53000000,31.07000000,33.90000000,32.21000000,182324.55561000
1543622400000,35.10000000,31.38000000,32.19000000,34.17000000,130601.17527000
1543708800000,35.24000000,33.21000000,34.11000000,33.82000000,126562.51308000
1543795200000,33.97000000,30.08000000,33.81000000,30.90000000,160953.47619000
1543881600000,32.25000000,29.87000000,30.92000000,31.13000000,125624.10065000
1543968000000,31.40000000,29.15000000,31.14000000,29.27000000,122536.95919000
1544054400000,30.49000000,26.25000000,29.28000000,26.78000000,186020.52870000
1544140800000,26.94000000,22.32000000,26.74000000,24.91000000,344334.77132000
1544227200000,26.63000000,22.89000000,24.88000000,24.22000000,272026.24012000
1544313600000,26.75000000,24.20000000,24.23000000,25.37000000,185392.27774000
1544400000000,25.82000000,23.67000000,25.37000000,24.14000000,159523.33390000
1544486400000,24.63000000,22.94000000,24.15000000,23.41000000,116912.31068000
1544572800000,24.98000000,23.20000000,23.40000000,24.13000000,116697.01621000
1544659200000,24.29000000,22.91000000,24.13000000,23.08000000,101343.24553000
1544745600000,23.76000000,22.50000000,23.06000000,23.34000000,115451.19357000
1544832000000,24.06000000,23.09000000,23.33000000,23.60000000,114346.73652000
1544918400000,26.96000000,23.48000000,23.59000000,25.52000000,284638.36643000
1545004800000,30.30000000,25.43000000,25.51000000,28.95000000,415677.55009000
1545091200000,30.15000000,27.39000000,28.97000000,29.89000000,241540.21994000
1545177600000,31.55000000,28.51000000,29.89000000,28.83000000,464104.88134000
1545264000000,32.76000000,28.52000000,28.83000000,32.18000000,347428.50187000
1545350400000,32.87000000,29.55000000,32.18000000,30.29000000,222927.66345000
1545436800000,31.49000000,29.70000000,30.29000000,31.33000000,106033.33577000
1545523200000,33.84000000,31.09000000,31.29000000,32.97000000,255561.72891000
1545609600000,36.12000000,32.17000000,32.98000000,32.68000000,305504.74498000
1545696000000,32.93000000,29.19000000,32.69000000,30.50000000,248993.55556000
1545782400000,31.68000000,28.79000000,30.50000000,30.30000000,174048.04136000
1545868800000,30.89000000,27.17000000,30.27000000,27.55000000,157817.22611000
1545955200000,33.08000000,27.39000000,27.55000000,31.80000000,242123.89750000
1546041600000,32.81000000,29.91000000,31.78000000,30.28000000,222196.85698000
1546128000000,32.00000000,29.68000000,30.28000000,31.38000000,151572.93045000
1546214400000,31.43000000,29.42000000,31.38000000,29.90000000,97446.11241000
1546300800000,31.80000000,29.56000000,29.92000000,31.48000000,103182.73765000
1546387200000,33.29000000,31.07000000,31.47000000,32.67000000,118306.23317000
1546473600000,32.80000000,30.62000000,32.68000000,31.39000000,94129.85114000
1546560000000,32.53000000,30.78000000,31.41000000,31.76000000,108636.82193000
1546646400000,35.95000000,31.76000000,31.76000000,34.33000000,335581.55848000
1546732800000,39.71000000,33.89000000,34.33000000,38.30000000,761396.10676000
1546819200000,39.04000000,36.53000000,38.29000000,37.35000000,444975.92431000
1546905600000,40.80000000,36.91000000,37.35000000,38.70000000,522510.17142000
1546992000000,39.72000000,38.00000000,38.70000000,38.17000000,312030.13021000
1547078400000,38.77000000,31.00000000,38.17000000,32.81000000,584622.45390000
1547164800000,33.22000000,29.68000000,32.81000000,31.49000000,351182.38165000
1547251200000,32.13000000,31.07000000,31.48000000,31.65000000,178476.28718000
1547337600000,32.63000000,29.12000000,31.65000000,29.59000000,229264.11927000
1547424000000,32.50000000,29.38000000,29.60000000,31.71000000,255282.35801000
1547510400000,32.27000000,29.95000000,31.72000000,30.75000000,216841.86085000
1547596800000,31.93000000,30.47000000,30.74000000,31.29000000,153939.59622000
1547683200000,31.55000000,29.80000000,31.29000000,31.40000000,203218.00286000
1547769600000,31.53000000,30.31000000,31.38000000,30.77000000,150711.34444000
1547856000000,32.92000000,30.77000000,30.78000000,32.00000000,164989.63668000
1547942400000,33.20000000,28.45000000,31.94000000,30.64000000,249450.00408000
1548028800000,31.22000000,30.34000000,30.63000000,30.82000000,110305.75866000
1548115200000,32.00000000,29.48000000,30.82000000,31.41000000,199887.16257000
1548201600000,32.18000000,31.24000000,31.40000000,31.69000000,123577.27232000
1548288000000,33.10000000,30.89000000,31.69000000,32.51000000,138812.16216000
1548374400000,33.00000000,31.87000000,32.52000000,32.69000000,169242.53382000
1548460800000,33.95000000,32.57000000,32.68000000,32.80000000,166677.42808000
1548547200000,33.20000000,31.05000000,32.79000000,32.21000000,173697.81998000
1548633600000,32.53000000,30.00000000,32.22000000,30.94000000,267887.62942000
1548720000000,31.26000000,29.91000000,30.94000000,30.81000000,135879.85880000
1548806400000,31.97000000,30.47000000,30.80000000,31.68000000,129114.99705000
1548892800000,32.33000000,31.08000000,31.68000000,31.41000000,154708.17427000
1548979200000,33.64000000,30.70000000,31.43000000,32.65000000,335544.96445000
1549065600000,35.01000000,32.44000000,32.61000000,34.59000000,268052.52354000
1549152000000,34.89000000,32.86000000,34.59000000,33.44000000,348406.73224000
1549238400000,34.50000000,33.36000000,33.43000000,34.09000000,206649.66902000
1549324800000,34.54000000,33.63000000,34.08000000,34.34000000,214319.34235000
1549411200000,34.50000000,32.25000000,34.35000000,32.79000000,312456.54201000
1549497600000,33.61000000,32.73000000,32.78000000,33.24000000,144528.08084000
1549584000000,44.85000000,32.75000000,33.23000000,42.99000000,1237384.07012000
1549670400000,46.95000000,42.05000000,42.99000000,44.68000000,993529.35851000
1549756800000,47.59000000,42.00000000,44.68000000,46.79000000,667594.46229000
1549843200000,46.87000000,41.81000000,46.80000000,42.90000000,570398.48991000
1549929600000,44.57000000,41.84000000,42.88000000,43.89000000,326731.55801000
1550016000000,44.66000000,40.64000000,43.89000000,41.61000000,333914.84326000
1550102400000,42.45000000,40.31000000,41.61000000,41.26000000,285144.93739000
1550188800000,44.60000000,41.06000000,41.26000000,42.58000000,389950.95213000
1550275200000,44.37000000,42.28000000,42.60000000,43.34000000,326691.70793000
1550361600000,45.13000000,42.60000000,43.34000000,43.91000000,331698.79603000
1550448000000,49.03000000,43.62000000,43.89000000,47.84000000,744029.87121000
1550534400000,49.10000000,46.56000000,47.81000000,47.14000000,404786.75784000
1550620800000,52.21000000,46.25000000,47.16000000,51.50000000,566874.12073000
1550707200000,51.65000000,47.35000000,51.47000000,48.94000000,383781.90032000
1550793600000,49.97000000,48.08000000,48.93000000,49.19000000,265979.43489000
1550880000000,51.88000000,48.00000000,49.22000000,51.40000000,411115.33830000
1550966400000,53.53000000,42.37000000,51.39000000,43.75000000,685277.01608000
1551052800000,46.85000000,43.00000000,43.74000000,45.40000000,377273.17275000
1551139200000,45.89000000,44.06000000,45.40000000,44.76000000,220101.55494000
1551225600000,45.53000000,42.51000000,44.77000000,45.16000000,223940.94505000
1551312000000,46.70000000,44.44000000,45.15000000,45.61000000,258562.96779000
1551398400000,48.95000000,45.53000000,45.62000000,47.05000000,336011.92294000
1551484800000,49.40000000,46.38000000,47.02000000,48.49000000,325733.94735000
1551571200000,49.10000000,47.18000000,48.51000000,47.86000000,218511.99396000
1551657600000,48.22000000,44.57000000,47.87000000,45.78000000,306985.27977000
1551744000000,54.25000000,45.38000000,45.78000000,52.52000000,798938.10368000
1551830400000,56.81000000,51.11000000,52.52000000,55.37000000,670227.49403000
1551916800000,59.12000000,53.77000000,55.37000000,56.73000000,816612.77049000
1552003200000,57.60000000,54.30000000,56.73000000,55.61000000,440480.65904000
1552089600000,59.83000000,55.38000000,55.58000000,57.78000000,413625.10436000
1552176000000,58.04000000,55.84000000,57.78000000,56.59000000,198932.23727000
1552262400000,57.37000000,54.00000000,56.63000000,54.82000000,319640.84363000
1552348800000,56.96000000,53.72000000,54.82000000,56.58000000,186798.97334000
1552435200000,56.84000000,54.30000000,56.60000000,55.29000000,234206.35923000
1552521600000,58.20000000,51.66000000,55.29000000,55.94000000,333686.39631000
1552608000000,59.15000000,55.94000000,55.94000000,58.52000000,295307.77677000
1552694400000,61.97000000,58.41000000,58.52000000,61.21000000,375314.79266000
1552780800000,61.32000000,59.57000000,61.22000000,60.47000000,174833.31913000
1552867200000,62.63000000,58.20000000,60.47000000,59.17000000,301146.21398000
1552953600000,59.96000000,58.33000000,59.20000000,59.52000000,221995.59833000
1553040000000,60.74000000,56.64000000,59.50000000,60.27000000,285413.79340000
1553126400000,60.64000000,56.98000000,60.29000000,58.54000000,164946.60535000
1553212800000,59.60000000,58.00000000,58.54000000,59.26000000,184427.33587000
1553299200000,61.76000000,58.93000000,59.23000000,60.89000000,372961.54781000
1553385600000,60.90000000,58.84000000,60.88000000,59.82000000,360926.15706000
1553472000000,60.70000000,58.20000000,59.81000000,59.04000000,216703.66968000
1553558400000,59.35000000,57.23000000,59.06000000,58.79000000,175752.00925000
1553644800000,61.87000000,58.58000000,58.81000000,61.44000000,260971.73061000
1553731200000,61.43000000,60.15000000,61.43000000,60.50000000,160785.54618000
1553817600000,61.80000000,60.15000000,60.48000000,61.45000000,200422.34535000
1553904000000,61.56000000,59.59000000,61.41000000,60.45000000,161304.26128000
1553990400000,60.72000000,59.83000000,60.45000000,60.48000000,120015.86005000
1554076800000,60.90000000,59.62000000,60.47000000,60.45000000,129238.66121000
1554163200000,78.40000000,59.95000000,60.45000000,76.78000000,805505.16575000
1554249600000,98.50000000,76.24000000,76.76000000,85.19000000,1514710.29313000
1554336000000,89.85000000,79.85000000,85.02000000,84.70000000,775702.67217000
1554422400000,89.85000000,83.65000000,84.71000000,88.24000000,366668.99563000
1554508800000,97.54000000,85.00000000,88.24000000,92.21000000,706789.23459000
1554595200000,95.44000000,88.74000000,92.23000000,91.55000000,404878.13429000
1554681600000,94.00000000,85.20000000,91.55000000,88.57000000,439909.33843000
1554768000000,88.71000000,82.61000000,88.57000000,86.17000000,317748.78519000
1554854400000,91.10000000,85.91000000,86.19000000,88.16000000,315727.23676000
1554940800000,88.45000000,74.64000000,88.16000000,78.88000000,663804.98498000
1555027200000,80.43000000,75.00000000,78.90000000,78.47000000,351092.11924000
1555113600000,81.02000000,75.51000000,78.43000000,77.62000000,276710.71090000
1555200000000,83.60000000,76.09000000,77.58000000,83.28000000,242418.41303000
1555286400000,84.41000000,75.00000000,83.31000000,78.07000000,437925.65449000
1555372800000,81.49000000,76.88000000,78.06000000,80.27000000,295134.17728000
1555459200000,81.50000000,78.00000000,80.27000000,78.77000000,232336.81062000
1555545600000,83.66000000,78.74000000,78.82000000,81.68000000,328509.77037000
1555632000000,83.17000000,79.48000000,81.67000000,82.05000000,265365.49383000
1555718400000,82.69000000,79.33000000,82.05000000,81.15000000,209481.54759000
1555804800000,81.85000000,72.86000000,81.16000000,76.65000000,405449.35652000
1555891200000,77.63000000,74.90000000,76.61000000,76.51000000,285737.83886000
1555977600000,79.29000000,73.33000000,76.47000000,73.70000000,408341.22655000
1556064000000,74.69000000,69.90000000,73.67000000,72.85000000,466422.90922000
1556150400000,74.43000000,70.60000000,72.85000000,71.78000000,307408.70386000
1556236800000,76.50000000,70.31000000,71.79000000,73.82000000,345014.87676000
1556323200000,74.01000000,71.83000000,73.83000000,72.23000000,102336.98217000
1556409600000,72.72000000,68.95000000,72.24000000,69.89000000,218635.58959000
1556496000000,70.37000000,66.50000000,69.89000000,67.87000000,203603.18601000
1556582400000,74.74000000,67.86000000,67.86000000,74.32000000,354469.13538000
1556668800000,75.36000000,71.78000000,74.31000000,73.36000000,273831.04765000
1556755200000,74.42000000,72.73000000,73.35000000,73.68000000,289626.45366000
1556841600000,80.58000000,73.31000000,73.65000000,79.22000000,538448.40523000
1556928000000,82.76000000,74.54000000,79.26000000,77.77000000,457004.01484000
1557014400000,78.16000000,75.40000000,77.73000000,75.70000000,236821.31245000
1557100800000,76.91000000,71.64000000,75.70000000,74.94000000,389445.48037000
1557187200000,78.75000000,73.40000000,74.95000000,74.61000000,357677.92795000
1557273600000,75.50000000,72.40000000,74.59000000,74.44000000,206081.78548000
1557360000000,75.90000000,72.77000000,74.44000000,74.19000000,240477.43667000
1557446400000,79.61000000,72.66000000,74.18000000,77.11000000,422915.92520000
1557532800000,95.00000000,76.85000000,77.12000000,86.59000000,909602.12694000
1557619200000,94.01000000,83.00000000,86.59000000,84.73000000,797262.85973000
1557705600000,92.49000000,84.10000000,84.71000000,87.16000000,627311.35573000
1557792000000,93.61000000,86.50000000,87.34000000,91.17000000,644139.06467000
1557878400000,104.25000000,89.69000000,91.15000000,102.02000000,673429.92612000
1557964800000,107.14000000,90.73000000,102.03000000,95.49000000,1179885.10784000
1558051200000,97.48000000,84.27000000,95.49000000,89.76000000,914179.22548000
1558137600000,90.51000000,85.11000000,89.76000000,86.51000000,380542.14297000
1558224000000,96.81000000,86.07000000,86.55000000,94.58000000,584649.51759000
1558310400000,94.58000000,87.11000000,94.55000000,91.10000000,447735.71615000
1558396800000,93.02000000,88.83000000,91.10000000,90.79000000,335538.23309000
1558483200000,92.04000000,85.83000000,90.77000000,87.74000000,308520.29109000
1558569600000,89.53000000,84.62000000,87.74000000,88.61000000,208332.29525000
1558656000000,103.77000000,88.01000000,88.67000000,100.50000000,832985.16125000
1558742400000,105.07000000,98.87000000,100.50000000,102.66000000,519802.98950000
1558828800000,114.00000000,97.50000000,102.66000000,111.00000000,658431.91144000
1558915200000,121.89000000,109.94000000,111.03000000,116.30000000,873684.89847000
1559001600000,118.22000000,111.08000000,116.41000000,114.81000000,399902.25403000
1559088000000,118.33000000,108.00000000,114.87000000,115.06000000,359489.09796000
1559174400000,120.35000000,102.40000000,115.03000000,107.78000000,708618.82450000
1559260800000,114.93000000,104.55000000,107.78000000,114.60000000,487341.72799000
1559347200000,116.28000000,110.51000000,114.65000000,112.35000000,318759.84041000
1559433600000,116.48000000,111.25000000,112.34000000,114.39000000,234192.23299000
1559520000000,116.20000000,105.01000000,114.44000000,105.99000000,441610.78458000
1559606400000,106.80000000,98.13000000,105.94000000,102.20000000,673951.14145000
1559692800000,105.21000000,100.11000000,102.20000000,103.66000000,379894.44483000
1559779200000,112.07000000,101.00000000,103.61000000,111.19000000,488905.21588000
1559865600000,121.00000000,109.53000000,111.25000000,116.71000000,619792.48983000
1559952000000,119.70000000,113.50000000,116.74000000,118.01000000,454621.75369000
1560038400000,118.94000000,111.02000000,118.01000000,114.66000000,425246.36749000
1560124800000,130.12000000,112.54000000,114.66000000,129.15000000,793211.22328000
1560211200000,138.56000000,124.85000000,129.19000000,135.69000000,836034.97354000
1560297600000,143.19000000,129.86000000,135.79000000,135.32000000,1015972.92864000
1560384000000,136.52000000,127.92000000,135.32000000,130.55000000,477007.30523000
1560470400000,133.03000000,125.22000000,130.55000000,132.00000000,460272.62793000
1560556800000,139.50000000,132.01000000,132.03000000,137.54000000,389908.37623000
1560643200000,138.20000000,133.15000000,137.51000000,136.45000000,392560.10493000
1560729600000,136.82000000,131.53000000,136.42000000,133.80000000,302485.50097000
1560816000000,136.84000000,128.00000000,133.80000000,135.22000000,400995.83149000
1560902400000,139.50000000,133.50000000,135.25000000,136.43000000,373850.88301000
1560988800000,136.75000000,133.00000000,136.41000000,135.46000000,236819.61409000
1561075200000,141.29000000,131.00000000,135.45000000,138.28000000,392390.97750000
1561161600000,145.90000000,136.01000000,138.30000000,142.26000000,670112.19411000
1561248000000,143.34000000,136.15000000,142.20000000,137.50000000,273142.66174000
1561334400000,137.52000000,132.65000000,137.50000000,135.77000000,269137.08964000
1561420800000,138.63000000,129.75000000,135.78000000,136.33000000,343042.31826000
1561507200000,138.50000000,127.50000000,136.32000000,132.25000000,659208.45477000
1561593600000,133.50000000,111.82000000,132.24000000,116.01000000,932158.03694000
1561680000000,122.19000000,114.49000000,116.02000000,120.01000000,455587.96464000
1561766400000,137.00000000,116.00000000,119.99000000,133.86000000,650966.52780000
1561852800000,137.44000000,120.54000000,133.88000000,123.25000000,808645.44775000
1561939200000,127.03000000,113.82000000,123.22000000,123.17000000,612063.25919000
1562025600000,124.00000000,112.63000000,123.16000000,118.77000000,469582.08700000
1562112000000,123.15000000,116.78000000,118.74000000,121.36000000,365008.06750000
1562198400000,127.03000000,118.51000000,121.34000000,119.61000000,375062.74273000
1562284800000,120.99000000,116.22000000,119.64000000,118.35000000,223608.71264000
1562371200000,121.80000000,117.06000000,118.29000000,118.31000000,153816.69797000
1562457600000,120.35000000,117.00000000,118.28000000,119.48000000,142378.61429000
1562544000000,125.07000000,117.77000000,119.48000000,122.92000000,219116.92194000
1562630400000,124.08000000,117.64000000,122.92000000,119.24000000,233440.12041000
1562716800000,120.13000000,102.50000000,119.23000000,108.31000000,507821.30862000
1562803200000,108.33000000,95.21000000,108.29000000,102.98000000,566917.40666000
1562889600000,107.02000000,100.65000000,103.00000000,104.86000000,204977.52431000
1562976000000,105.03000000,97.64000000,104.86000000,101.03000000,229252.96129000
1563062400000,101.90000000,87.58000000,101.06000000,89.66000000,429594.96949000
1563148800000,92.99000000,84.60000000,89.67000000,90.43000000,382169.24803000
1563235200000,91.91000000,76.60000000,90.43000000,79.61000000,483565.93207000
1563321600000,94.65000000,71.00000000,79.62000000,89.95000000,611125.08258000
1563408000000,104.50000000,86.87000000,89.98000000,101.16000000,609872.10131000
1563494400000,101.26000000,94.73000000,101.15000000,98.23000000,366646.23978000
1563580800000,105.88000000,97.42000000,98.25000000,100.25000000,355926.02335000
1563667200000,101.41000000,96.40000000,100.26000000,99.70000000,247121.43139000
1563753600000,100.91000000,91.14000000,99.74000000,95.31000000,318533.96014000
1563840000000,95.35000000,88.62000000,95.31000000,90.15000000,264516.21574000
1563926400000,97.45000000,86.80000000,90.10000000,94.50000000,355813.08830000
1564012800000,96.67000000,91.06000000,94.43000000,93.22000000,228403.48379000
1564099200000,94.52000000,89.83000000,93.23000000,94.06000000,169220.32033000
1564185600000,96.09000000,86.67000000,94.01000000,88.79000000,250915.24992000
1564272000000,90.90000000,83.13000000,88.83000000,90.00000000,201075.77208000
1564358400000,92.26000000,87.48000000,90.00000000,90.33000000,233655.44074000
1564444800000,92.71000000,88.50000000,90.33000000,90.15000000,166817.93325000
1564531200000,99.95000000,89.81000000,90.12000000,98.76000000,280442.01907000
1564617600000,100.59000000,95.23000000,98.77000000,98.64000000,256621.80027000
1564704000000,98.77000000,92.52000000,98.62000000,94.76000000,284902.02673000
1564790400000,96.70000000,93.51000000,94.80000000,94.17000000,187442.26636000
1564876800000,94.80000000,90.11000000,94.15000000,92.64000000,210063.34433000
1564963200000,106.77000000,92.68000000,92.68000000,96.56000000,708024.73305000
1565049600000,99.32000000,91.00000000,96.56000000,92.99000000,370218.49667000
1565136000000,94.45000000,87.36000000,93.05000000,90.59000000,298275.75612000
1565222400000,92.75000000,87.72000000,90.59000000,90.15000000,227275.85013000
1565308800000,90.45000000,82.64000000,90.08000000,84.24000000,245919.98030000
1565395200000,87.50000000,82.27000000,84.25000000,85.46000000,243663.59097000
1565481600000,91.57000000,85.15000000,85.46000000,89.93000000,196951.40228000
1565568000000,90.04000000,85.45000000,89.99000000,85.79000000,147573.87933000
1565654400000,86.79000000,83.26000000,85.79000000,84.88000000,166783.80957000
1565740800000,86.32000000,75.00000000,84.83000000,75.90000000,310895.41050000
1565827200000,77.70000000,74.36000000,75.91000000,76.25000000,157703.32106000
1565913600000,76.42000000,72.34000000,76.24000000,74.67000000,186709.02728000
1566000000000,75.35000000,71.50000000,74.63000000,72.65000000,131039.84431000
1566086400000,78.00000000,71.40000000,72.64000000,76.25000000,171800.85253000
1566172800000,78.95000000,75.36000000,76.31000000,77.10000000,176507.93997000
1566259200000,77.30000000,73.31000000,77.10000000,75.14000000,130580.76909000
1566345600000,75.33000000,70.14000000,75.13000000,73.27000000,188740.48706000
1566432000000,74.64000000,71.00000000,73.18000000,73.31000000,159575.08558000
1566518400000,75.92000000,72.10000000,73.38000000,75.38000000,138535.90048000
1566604800000,75.65000000,71.39000000,75.37000000,73.32000000,119841.86721000
1566691200000,74.93000000,70.56000000,73.32000000,72.10000000,143368.07877000
1566777600000,75.46000000,72.09000000,72.12000000,73.54000000,186459.72505000
1566864000000,73.75000000,72.13000000,73.59000000,72.90000000,92746.01751000
1566950400000,73.14000000,65.00000000,72.88000000,66.73000000,295837.67734000
1567036800000,66.77000000,62.00000000,66.73000000,63.59000000,206167.47861000
1567123200000,65.60000000,62.16000000,63.55000000,64.17000000,188503.14428000
1567209600000,65.39000000,62.25000000,64.18000000,64.24000000,148167.15877000
1567296000000,67.21000000,63.74000000,64.23000000,65.89000000,160452.85757000
1567382400000,68.03000000,64.80000000,65.85000000,66.92000000,210648.66087000
1567468800000,71.00000000,66.47000000,66.92000000,69.06000000,286130.47957000
1567555200000,69.24000000,66.40000000,69.00000000,67.01000000,219846.13540000
1567641600000,67.39000000,64.14000000,67.02000000,65.23000000,166569.36182000
1567728000000,68.00000000,63.54000000,65.24000000,64.87000000,278618.16432000
1567814400000,70.57000000,64.53000000,64.88000000,68.77000000,305501.47722000
1567900800000,71.46000000,68.00000000,68.77000000,70.36000000,315059.92831000
1567987200000,71.38000000,67.73000000,70.36000000,69.89000000,229275.26659000
1568073600000,73.10000000,69.77000000,69.86000000,70.85000000,315598.33706000
1568160000000,71.81000000,68.25000000,70.85000000,69.80000000,208744.34146000
1568246400000,70.00000000,68.30000000,69.80000000,69.15000000,135570.08885000
1568332800000,69.58000000,67.36000000,69.18000000,68.93000000,156416.29244000
1568419200000,71.50000000,68.20000000,68.93000000,70.50000000,179064.87019000
1568505600000,71.28000000,69.50000000,70.49000000,70.04000000,123157.58776000
1568592000000,73.67000000,69.36000000,70.04000000,72.63000000,267731.58165000
1568678400000,77.59000000,72.15000000,72.67000000,74.04000000,331820.84685000
1568764800000,80.30000000,73.98000000,74.06000000,77.81000000,463500.72712000
1568851200000,80.90000000,72.62000000,77.77000000,76.56000000,516227.12489000
1568937600000,77.08000000,72.78000000,76.56000000,75.05000000,286151.47725000
1569024000000,75.58000000,72.06000000,75.06000000,73.22000000,211641.79197000
1569110400000,73.22000000,71.03000000,73.20000000,72.23000000,219392.15857000
1569196800000,74.24000000,61.88000000,72.26000000,66.54000000,527501.79121000
1569283200000,67.42000000,54.07000000,66.54000000,54.57000000,987995.23380000
1569369600000,58.34000000,52.84000000,54.57000000,57.43000000,781318.26507000
1569456000000,57.56000000,50.30000000,57.48000000,55.19000000,630061.90746000
1569542400000,56.61000000,52.61000000,55.17000000,55.86000000,390379.87374000
1569628800000,56.16000000,53.67000000,55.86000000,55.37000000,258783.39518000
1569715200000,55.58000000,52.13000000,55.38000000,53.82000000,227546.40106000
1569801600000,56.25000000,52.46000000,53.84000000,55.99000000,369529.68787000
1569888000000,57.60000000,54.82000000,56.01000000,55.63000000,333581.15687000
1569974400000,56.66000000,55.13000000,55.59000000,56.23000000,215424.38457000
1570060800000,57.07000000,53.62000000,56.28000000,56.44000000,253310.60723000
1570147200000,57.50000000,55.22000000,56.45000000,56.30000000,247275.45318000
1570233600000,57.40000000,55.57000000,56.30000000,56.69000000,177602.10058000
1570320000000,56.80000000,52.73000000,56.69000000,54.41000000,259829.37559000
1570406400000,58.65000000,53.25000000,54.42000000,57.46000000,314689.40497000
1570492800000,58.45000000,56.47000000,57.46000000,56.94000000,184201.79637000
1570579200000,60.06000000,56.60000000,56.92000000,59.12000000,344098.90670000
1570665600000,59.33000000,57.00000000,59.10000000,57.47000000,215031.29392000
1570752000000,58.42000000,55.33000000,57.48000000,55.85000000,266818.06740000
1570838400000,56.50000000,55.41000000,55.85000000,55.70000000,101685.84465000
1570924800000,57.69000000,55.47000000,55.71000000,56.46000000,157772.38785000
1571011200000,57.10000000,55.94000000,56.44000000,56.83000000,133434.14038000
1571097600000,57.39000000,53.40000000,56.83000000,54.58000000,332451.21390000
1571184000000,55.39000000,51.00000000,54.57000000,52.45000000,299556.40107000
1571270400000,55.22000000,51.57000000,52.45000000,54.94000000,238776.40360000
1571356800000,55.01000000,52.19000000,54.95000000,53.21000000,213517.39011000
1571443200000,54.16000000,52.54000000,53.21000000,53.72000000,152610.00837000
1571529600000,55.46000000,52.58000000,53.72000000,54.85000000,208172.70191000
1571616000000,55.74000000,53.67000000,54.85000000,54.57000000,208464.19325000
1571702400000,55.09000000,52.97000000,54.57000000,53.39000000,159956.49835000
1571788800000,53.44000000,47.10000000,53.38000000,49.50000000,509593.26474000
1571875200000,50.32000000,48.30000000,49.48000000,49.54000000,308330.52196000
1571961600000,58.70000000,49.01000000,49.55000000,56.93000000,761473.61477000
1572048000000,63.37000000,54.14000000,56.94000000,56.71000000,1041416.04901000
1572134400000,62.85000000,55.59000000,56.69000000,59.78000000,661079.75268000
1572220800000,62.47000000,57.40000000,59.79000000,57.70000000,540004.69723000
1572307200000,60.75000000,57.65000000,57.70000000,59.75000000,401424.23907000
1572393600000,61.05000000,56.88000000,59.76000000,57.89000000,341531.28519000
1572480000000,59.56000000,57.01000000,57.90000000,58.29000000,269103.33623000
1572566400000,58.80000000,56.68000000,58.29000000,58.23000000,221222.32940000
1572652800000,59.19000000,57.73000000,58.24000000,58.25000000,150647.43930000
1572739200000,58.75000000,57.18000000,58.24000000,58.29000000,141302.66308000
1572825600000,62.40000000,57.87000000,58.29000000,61.29000000,410380.76551000
1572912000000,64.15000000,60.89000000,61.26000000,63.12000000,527595.77833000
1572998400000,64.33000000,62.56000000,63.13000000,64.11000000,334742.14328000
1573084800000,64.33000000,60.27000000,64.11000000,61.39000000,327504.17073000
1573171200000,62.49000000,58.93000000,61.40000000,60.38000000,347351.93739000
1573257600000,62.37000000,60.17000000,60.36000000,62.04000000,196430.96635000
1573344000000,66.19000000,60.80000000,62.04000000,63.65000000,437892.99669000
1573430400000,64.33000000,60.47000000,63.65000000,61.84000000,409179.59195000
1573516800000,62.25000000,59.75000000,61.84000000,61.42000000,299770.77160000
1573603200000,62.05000000,60.27000000,61.45000000,60.96000000,175581.95546000
1573689600000,61.10000000,58.25000000,60.96000000,59.00000000,289462.24048000
1573776000000,60.75000000,56.20000000,59.00000000,57.60000000,333621.34492000
1573862400000,58.98000000,57.14000000,57.61000000,58.30000000,135649.07460000
1573948800000,59.97000000,57.55000000,58.29000000,59.22000000,190026.97121000
1574035200000,59.30000000,54.00000000,59.21000000,55.81000000,297441.77936000
1574121600000,56.23000000,54.20000000,55.80000000,55.13000000,245040.39116000
1574208000000,56.16000000,54.61000000,55.13000000,54.98000000,224543.37210000
1574294400000,55.29000000,48.51000000,54.99000000,50.61000000,442743.26376000
1574380800000,51.55000000,43.58000000,50.61000000,47.32000000,924579.32624000
1574467200000,48.53000000,46.13000000,47.32000000,48.10000000,301729.20885000
1574553600000,48.24000000,43.45000000,48.11000000,43.86000000,419517.52854000
1574640000000,47.42000000,42.04000000,43.87000000,45.47000000,571324.21757000
1574726400000,47.57000000,45.22000000,45.48000000,46.91000000,310692.28241000
1574812800000,48.69000000,44.51000000,46.91000000,47.70000000,455880.87524000
1574899200000,48.00000000,46.01000000,47.69000000,46.79000000,267853.24107000
1574985600000,49.33000000,46.73000000,46.78000000,48.54000000,301668.56643000
1575072000000,48.76000000,46.53000000,48.55000000,47.21000000,270874.56808000
1575158400000,48.45000000,45.50000000,47.21000000,47.45000000,313486.32183000
1575244800000,47.57000000,44.71000000,47.45000000,45.45000000,302502.05198000
1575331200000,46.22000000,44.26000000,45.44000000,44.75000000,323943.46120000
1575417600000,46.98000000,43.69000000,44.76000000,44.67000000,555313.52753000
1575504000000,45.21000000,43.70000000,44.64000000,44.81000000,444840.89828000
1575590400000,45.50000000,44.05000000,44.78000000,45.28000000,273507.67563000
1575676800000,46.50000000,44.94000000,45.26000000,45.15000000,195130.20296000
1575763200000,46.20000000,44.81000000,45.14000000,45.56000000,131675.58673000
1575849600000,45.87000000,44.04000000,45.55000000,44.45000000,219794.24751000
1575936000000,44.67000000,43.60000000,44.45000000,44.09000000,151332.98482000
1576022400000,44.46000000,43.27000000,44.07000000,43.70000000,134280.00698000
1576108800000,44.11000000,42.84000000,43.70000000,43.65000000,169652.16018000
1576195200000,44.55000000,43.43000000,43.65000000,44.44000000,127935.79567000
1576281600000,44.67000000,43.19000000,44.44000000,43.25000000,121589.21791000
1576368000000,44.04000000,42.90000000,43.28000000,43.44000000,105010.15867000
1576454400000,43.56000000,39.02000000,43.46000000,39.99000000,396847.07159000
1576540800000,40.13000000,36.10000000,39.98000000,36.92000000,648918.38857000
1576627200000,41.71000000,35.78000000,36.94000000,40.79000000,668186.50576000
1576713600000,41.10000000,39.06000000,40.79000000,39.65000000,240386.31479000
1576800000000,40.41000000,39.25000000,39.66000000,40.17000000,151508.47648000
1576886400000,40.22000000,39.41000000,40.15000000,39.67000000,91777.09640000
1576972800000,42.16000000,39.62000000,39.67000000,41.82000000,208763.30093000
1577059200000,42.67000000,40.21000000,41.84000000,40.56000000,288871.46721000
1577145600000,41.13000000,39.68000000,40.56000000,40.34000000,211802.58489000
1577232000000,40.48000000,39.38000000,40.33000000,40.08000000,136397.58244000
1577318400000,41.73000000,39.58000000,40.11000000,40.01000000,198471.35190000
1577404800000,41.50000000,39.67000000,39.99000000,40.95000000,219242.83628000
1577491200000,43.76000000,40.91000000,40.96000000,42.83000000,284295.33296000
1577577600000,43.76000000,42.14000000,42.84000000,43.08000000,337087.76870000
1577664000000,44.18000000,41.82000000,43.07000000,42.38000000,298595.46371000
1577750400000,43.05000000,41.00000000,42.36000000,41.30000000,201549.74137000
1577836800000,42.08000000,41.16000000,41.29000000,41.62000000,110044.87445000
1577923200000,41.74000000,39.17000000,41.58000000,39.43000000,194486.21570000
1578009600000,42.39000000,38.77000000,39.44000000,42.23000000,426771.00676000
1578096000000,42.90000000,41.77000000,42.23000000,42.78000000,248814.62818000
1578182400000,44.61000000,42.60000000,42.79000000,43.30000000,291964.84958000
1578268800000,46.08000000,43.16000000,43.29000000,45.80000000,384930.99090000
1578355200000,47.03000000,44.48000000,45.80000000,46.30000000,493847.10532000
1578441600000,48.54000000,44.00000000,46.30000000,45.35000000,628050.68438000
1578528000000,45.79000000,43.90000000,45.35000000,44.74000000,296221.65692000
1578614400000,49.72000000,43.71000000,44.75000000,49.06000000,729803.12291000
1578700800000,51.95000000,47.77000000,49.06000000,49.30000000,681984.46652000
1578787200000,51.75000000,48.78000000,49.32000000,51.43000000,533583.45808000
1578873600000,51.60000000,48.91000000,51.44000000,49.60000000,382092.95573000
1578960000000,60.80000000,49.58000000,49.59000000,58.39000000,1232536.35364000
1579046400000,60.33000000,55.28000000,58.37000000,58.16000000,720369.64189000
1579132800000,58.50000000,54.50000000,58.17000000,57.56000000,477991.20162000
1579219200000,63.26000000,56.72000000,57.56000000,61.02000000,767514.50323000
1579305600000,62.50000000,57.90000000,61.05000000,59.32000000,498603.84903000
1579392000000,62.55000000,55.34000000,59.29000000,57.60000000,530916.40859000
1579478400000,58.29000000,55.84000000,57.59000000,57.19000000,262316.67258000
1579564800000,58.09000000,55.91000000,57.19000000,57.57000000,216543.72376000
1579651200000,59.33000000,57.18000000,57.60000000,58.33000000,218658.95477000
1579737600000,58.40000000,52.42000000,58.33000000,54.52000000,464982.43026000
1579824000000,55.41000000,50.64000000,54.52000000,54.38000000,550746.21423000
1579910400000,54.41000000,51.90000000,54.41000000,53.25000000,282004.92676000
1579996800000,56.68000000,52.80000000,53.26000000,56.24000000,348355.26494000
1580083200000,59.65000000,55.87000000,56.29000000,58.55000000,504725.67707000
1580169600000,61.61000000,57.28000000,58.55000000,60.52000000,720540.74548000
1580256000000,62.56000000,59.40000000,60.54000000,59.80000000,570079.36355000
1580342400000,70.22000000,58.24000000,59.81000000,67.98000000,1286322.99676000
1580428800000,70.10000000,65.37000000,68.00000000,68.00000000,938256.78346000
1580515200000,73.00000000,67.62000000,68.02000000,70.72000000,952836.89640000
1580601600000,73.50000000,67.66000000,70.72000000,69.93000000,818385.89212000
1580688000000,73.00000000,68.45000000,69.93000000,69.65000000,689182.24855000
1580774400000,70.50000000,66.62000000,69.65000000,68.07000000,487054.42541000
1580860800000,73.47000000,67.62000000,68.04000000,72.59000000,646729.48877000
1580947200000,75.08000000,70.91000000,72.59000000,73.60000000,715147.76142000
1581033600000,75.48000000,72.85000000,73.59000000,74.30000000,542489.66181000
1581120000000,77.94000000,71.53000000,74.31000000,76.56000000,647821.60398000
1581206400000,78.43000000,75.00000000,76.56000000,77.00000000,475670.64062000
1581292800000,77.48000000,72.21000000,76.99000000,74.02000000,709830.62871000
1581379200000,77.40000000,72.64000000,73.98000000,76.46000000,557017.26862000
1581465600000,82.81000000,76.44000000,76.45000000,81.17000000,771544.88292000
1581552000000,84.32000000,77.15000000,81.20000000,80.55000000,1051054.74790000
1581638400000,83.79000000,78.61000000,80.55000000,83.14000000,523491.69506000
1581724800000,83.50000000,75.04000000,83.14000000,76.70000000,704650.11923000
1581811200000,80.77000000,67.85000000,76.74000000,74.67000000,998173.25658000
1581897600000,75.50000000,68.51000000,74.66000000,73.41000000,738054.46975000
1581984000000,79.09000000,70.00000000,73.44000000,77.25000000,713680.23162000
1582070400000,79.45000000,67.00000000,77.25000000,70.61000000,544027.83444000
1582156800000,72.43000000,66.10000000,70.61000000,69.40000000,731293.24627000
1582243200000,75.25000000,68.56000000,69.38000000,73.25000000,627123.84133000
1582329600000,76.79000000,72.32000000,73.25000000,74.79000000,651449.78648000
1582416000000,80.00000000,74.66000000,74.80000000,79.52000000,666132.69507000
1582502400000,79.76000000,71.71000000,79.52000000,75.59000000,936157.25919000
1582588800000,76.08000000,69.54000000,75.57000000,70.98000000,778054.96678000
1582675200000,72.15000000,57.41000000,70.98000000,60.53000000,1523364.69178000
1582761600000,65.10000000,57.15000000,60.53000000,61.77000000,1110493.93153000
1582848000000,63.39000000,56.56000000,61.76000000,59.89000000,1070641.27708000
1582934400000,61.65000000,57.84000000,59.88000000,58.05000000,507036.86245000
1583020800000,60.28000000,56.21000000,58.05000000,57.70000000,633924.91162000
1583107200000,62.32000000,57.25000000,57.72000000,61.42000000,660927.26176000
1583193600000,62.40000000,59.40000000,61.42000000,61.01000000,640940.77457000
1583280000000,61.78000000,58.71000000,61.02000000,60.38000000,424299.86211000
1583366400000,63.29000000,60.33000000,60.38000000,62.06000000,556909.07976000
1583452800000,63.84000000,61.18000000,62.06000000,63.22000000,469519.29565000
1583539200000,63.89000000,59.86000000,63.21000000,60.46000000,444270.53508000
1583625600000,60.47000000,50.41000000,60.46000000,51.00000000,945026.27128000
1583712000000,52.27000000,46.57000000,51.02000000,50.39000000,1426145.50164000
1583798400000,51.39000000,48.86000000,50.37000000,50.26000000,727732.90911000
1583884800000,50.74000000,45.47000000,50.24000000,48.53000000,799984.95798000
1583971200000,48.76000000,28.65000000,48.52000000,29.83000000,2239777.98028000
1584057600000,39.92000000,24.00000000,29.83000000,37.52000000,3435572.20926000
1584144000000,37.65000000,33.80000000,37.51000000,34.40000000,1181175.59196000
1584230400000,38.73000000,34.04000000,34.40000000,36.38000000,1040322.30282000
1584316800000,36.41000000,29.29000000,36.37000000,33.20000000,1624714.37584000
1584403200000,35.85000000,32.42000000,33.23000000,34.07000000,945437.93136000
1584489600000,34.83000000,32.28000000,34.06000000,34.71000000,1044607.75726000
1584576000000,40.80000000,34.00000000,34.72000000,38.90000000,1344406.50235000
1584662400000,43.69000000,34.05000000,38.90000000,38.08000000,1571300.60857000
1584748800000,39.84000000,36.21000000,38.07000000,38.32000000,667452.63396000
1584835200000,39.69000000,34.82000000,38.34000000,35.40000000,714342.72730000
1584921600000,39.99000000,34.57000000,35.42000000,38.94000000,859942.52611000
1585008000000,40.95000000,38.21000000,38.93000000,40.57000000,593656.77335000
1585094400000,41.04000000,38.09000000,40.56000000,39.17000000,577448.88856000
1585180800000,40.48000000,38.40000000,39.17000000,40.41000000,415595.26222000
1585267200000,41.21000000,37.73000000,40.41000000,38.04000000,481643.28173000
1585353600000,39.43000000,36.61000000,38.04000000,38.87000000,624312.49566000
1585440000000,39.11000000,36.97000000,38.85000000,37.11000000,402076.31264000
1585526400000,39.70000000,37.10000000,37.11000000,38.91000000,432738.21921000
1585612800000,39.32000000,38.33000000,38.93000000,39.08000000,378426.95789000
1585699200000,39.50000000,37.14000000,39.07000000,39.23000000,489850.01556000
1585785600000,42.92000000,39.00000000,39.23000000,39.86000000,701573.76921000
1585872000000,41.26000000,39.64000000,39.88000000,40.46000000,463368.11630000
1585958400000,41.16000000,39.86000000,40.49000000,40.71000000,362602.27624000
1586044800000,41.00000000,39.86000000,40.74000000,40.31000000,231112.95730000
1586131200000,45.09000000,40.28000000,40.31000000,45.04000000,721562.28580000
1586217600000,47.64000000,43.64000000,45.03000000,44.77000000,808081.85352000
1586304000000,47.20000000,44.27000000,44.79000000,46.55000000,500059.46495000
1586390400000,46.86000000,44.69000000,46.52000000,46.21000000,401085.47958000
1586476800000,46.39000000,40.86000000,46.19000000,42.25000000,785172.33131000
1586563200000,43.16000000,41.43000000,42.28000000,42.54000000,382360.32132000
1586649600000,43.58000000,41.83000000,42.54000000,42.00000000,499257.03257000
1586736000000,41.99000000,39.52000000,41.99000000,41.22000000,744114.51306000
1586822400000,41.85000000,40.47000000,41.20000000,41.22000000,420837.68832000
1586908800000,41.75000000,39.08000000,41.19000000,39.22000000,460328.16310000
1586995200000,43.78000000,37.91000000,39.24000000,42.53000000,913086.97771000
1587081600000,43.01000000,41.61000000,42.52000000,42.19000000,407623.04587000
1587168000000,44.43000000,41.98000000,42.20000000,44.14000000,497104.94271000
1587254400000,44.30000000,41.54000000,44.16000000,42.23000000,456205.81252000
1587340800000,43.24000000,39.55000000,42.23000000,40.21000000,543840.05683000
1587427200000,41.34000000,40.01000000,40.21000000,40.59000000,346732.08492000
1587513600000,42.32000000,40.27000000,40.59000000,41.80000000,463111.32681000
1587600000000,43.91000000,40.94000000,41.81000000,42.98000000,639336.05312000
1587686400000,44.99000000,42.83000000,42.98000000,44.53000000,623877.17694000
1587772800000,45.58000000,43.84000000,44.52000000,44.38000000,555367.18724000
1587859200000,45.39000000,43.75000000,44.38000000,44.52000000,485605.15593000
1587945600000,45.23000000,43.16000000,44.54000000,44.46000000,443570.66029000
1588032000000,46.13000000,43.42000000,44.47000000,45.69000000,590012.52304000
1588118400000,49.91000000,45.64000000,45.69000000,48.81000000,1198086.90059000
1588204800000,50.80000000,45.59000000,48.81000000,46.33000000,1404189.53320000
1588291200000,48.27000000,46.30000000,46.33000000,47.07000000,499757.96625000
1588377600000,49.60000000,46.73000000,47.08000000,49.20000000,408979.14996000
1588464000000,50.02000000,46.61000000,49.20000000,48.05000000,566317.38081000
1588550400000,48.20000000,45.11000000,48.07000000,46.96000000,693367.01092000
1588636800000,47.76000000,45.71000000,46.97000000,46.54000000,415057.43762000
1588723200000,47.55000000,44.55000000,46.56000000,44.94000000,466241.72785000
1588809600000,48.22000000,44.37000000,44.92000000,47.37000000,796061.59933000
1588896000000,48.43000000,46.34000000,47.37000000,47.69000000,631882.81036000
1588982400000,49.10000000,46.75000000,47.70000000,46.95000000,656199.99850000
1589068800000,47.04000000,39.40000000,46.97000000,42.06000000,1404081.17548000
1589155200000,42.90000000,39.37000000,42.05000000,41.51000000,955643.70805000
1589241600000,42.88000000,41.26000000,41.49000000,42.18000000,598291.63995000
1589328000000,43.74000000,41.94000000,42.18000000,43.18000000,404524.24723000
1589414400000,44.38000000,42.21000000,43.18000000,43.98000000,507436.34974000
1589500800000,44.14000000,41.82000000,43.99000000,42.74000000,468836.21013000
1589587200000,43.89000000,42.50000000,42.73000000,43.25000000,435940.40697000
1589673600000,44.49000000,43.10000000,43.25000000,43.71000000,344498.72506000
1589760000000,46.59000000,43.64000000,43.70000000,45.32000000,694361.60251000
1589846400000,45.80000000,44.07000000,45.33000000,45.73000000,375917.65225000
1589932800000,46.14000000,43.17000000,45.73000000,44.25000000,546255.00600000
1590019200000,44.62000000,41.66000000,44.24000000,42.73000000,504821.89137000
1590105600000,44.68000000,42.35000000,42.72000000,44.23000000,398405.53856000
1590192000000,44.74000000,43.67000000,44.22000000,43.85000000,237539.13840000
1590278400000,44.55000000,42.04000000,43.84000000,42.08000000,360333.24872000
1590364800000,43.32000000,41.72000000,42.08000000,42.97000000,250914.52741000
1590451200000,43.07000000,41.76000000,42.99000000,42.27000000,218690.04463000
1590537600000,44.05000000,42.22000000,42.26000000,43.85000000,282807.46234000
1590624000000,44.88000000,43.15000000,43.86000000,44.77000000,291358.47336000
1590710400000,45.29000000,44.17000000,44.77000000,44.47000000,298721.59314000
1590796800000,48.08000000,44.18000000,44.49000000,47.72000000,590070.55350000
1590883200000,47.84000000,45.07000000,47.72000000,45.61000000,494076.18673000
1590969600000,48.81000000,45.36000000,45.60000000,48.25000000,599583.67722000
1591056000000,49.96000000,44.00000000,48.26000000,45.99000000,920374.03122000
1591142400000,47.50000000,45.25000000,46.01000000,47.16000000,428190.82164000
1591228800000,48.10000000,46.15000000,47.15000000,47.43000000,471692.41566000
1591315200000,47.98000000,46.42000000,47.43000000,46.83000000,400925.03604000
1591401600000,47.24000000,46.07000000,46.80000000,46.79000000,226441.44764000
1591488000000,46.98000000,45.06000000,46.79000000,46.63000000,306262.54148000
1591574400000,46.79000000,45.95000000,46.60000000,46.43000000,220499.06993000
1591660800000,46.84000000,45.31000000,46.45000000,45.87000000,219681.63540000
1591747200000,47.19000000,45.65000000,45.89000000,46.63000000,319582.73016000
1591833600000,46.96000000,42.00000000,46.63000000,43.22000000,538636.15983000
1591920000000,45.36000000,42.81000000,43.22000000,44.72000000,236934.18593000
1592006400000,45.22000000,44.27000000,44.72000000,45.08000000,151582.80518000
1592092800000,45.11000000,43.53000000,45.09000000,44.05000000,170082.74029000
1592179200000,44.09000000,41.75000000,44.04000000,43.73000000,355287.54016000
1592265600000,44.22000000,43.33000000,43.73000000,43.88000000,215557.59073000
1592352000000,45.04000000,43.00000000,43.90000000,44.07000000,324893.86142000
1592438400000,44.23000000,42.88000000,44.07000000,43.43000000,193534.98938000
1592524800000,43.73000000,42.57000000,43.43000000,42.89000000,304810.97536000
1592611200000,43.85000000,42.21000000,42.89000000,43.57000000,202428.94630000
1592697600000,43.83000000,42.88000000,43.57000000,43.00000000,159632.67850000
1592784000000,44.67000000,42.94000000,43.00000000,44.30000000,281907.39739000
1592870400000,44.49000000,43.89000000,44.30000000,44.18000000,219437.96099000
1592956800000,44.69000000,42.10000000,44.18000000,42.65000000,357937.97223000
1593043200000,43.00000000,41.68000000,42.65000000,42.35000000,241972.00632000
1593129600000,43.60000000,41.37000000,42.34000000,43.09000000,348389.34208000
1593216000000,43.12000000,39.11000000,43.10000000,41.06000000,301504.63430000
1593302400000,42.05000000,40.48000000,41.04000000,41.37000000,169011.98685000
1593388800000,42.29000000,40.59000000,41.37000000,41.87000000,323346.17200000
1593475200000,42.07000000,40.73000000,41.87000000,41.17000000,170712.36761000
1593561600000,42.01000000,40.96000000,41.16000000,41.77000000,189759.33668000
1593648000000,41.90000000,40.28000000,41.76000000,41.05000000,274520.05417000
1593734400000,41.70000000,40.89000000,41.03000000,41.14000000,190294.77564000
1593820800000,42.23000000,41.06000000,41.13000000,42.11000000,239298.32793000
1593907200000,42.20000000,40.75000000,42.11000000,41.58000000,235045.82858000
1593993600000,44.31000000,41.50000000,41.58000000,44.06000000,368489.71516000
1594080000000,44.49000000,43.06000000,44.07000000,43.39000000,307753.44376000
1594166400000,45.62000000,43.10000000,43.39000000,45.35000000,537390.40825000
1594252800000,45.87000000,43.57000000,45.35000000,44.33000000,413268.76529000
1594339200000,44.64000000,43.44000000,44.34000000,44.30000000,256685.44543000
1594425600000,44.77000000,43.85000000,44.32000000,44.69000000,186318.68972000
1594512000000,45.30000000,43.70000000,44.68000000,44.70000000,245471.12147000
1594598400000,45.59000000,42.31000000,44.72000000,43.92000000,445103.84230000
1594684800000,44.09000000,42.86000000,43.91000000,43.88000000,246958.98880000
1594771200000,44.06000000,42.81000000,43.88000000,43.33000000,216931.75920000
1594857600000,43.49000000,40.85000000,43.34000000,42.09000000,389747.37081000
1594944000000,42.49000000,41.72000000,42.09000000,41.90000000,201904.60020000
1595030400000,42.90000000,41.73000000,41.88000000,42.45000000,171429.48278000
1595116800000,42.89000000,41.83000000,42.45000000,42.64000000,195427.40326000
1595203200000,42.79000000,41.37000000,42.65000000,41.94000000,180313.88112000
1595289600000,44.11000000,41.87000000,41.94000000,43.77000000,314440.37624000
1595376000000,45.12000000,43.20000000,43.77000000,44.96000000,335459.88539000
1595462400000,45.63000000,44.52000000,44.96000000,44.94000000,432494.11351000
1595548800000,44.96000000,43.93000000,44.93000000,44.11000000,246802.56871000
1595635200000,49.52000000,44.03000000,44.12000000,49.16000000,908436.85403000
1595721600000,50.79000000,47.49000000,49.16000000,48.10000000,895757.19561000
1595808000000,55.83000000,46.85000000,48.07000000,53.28000000,1501022.71390000
1595894400000,57.92000000,51.65000000,53.29000000,55.75000000,1524796.93339000
1595980800000,56.97000000,54.65000000,55.76000000,55.16000000,827762.01759000
1596067200000,58.61000000,53.91000000,55.17000000,56.75000000,1024240.96809000
1596153600000,59.26000000,55.78000000,56.73000000,58.13000000,656214.79104000
1596240000000,62.23000000,57.55000000,58.13000000,61.65000000,1209772.30685000
1596326400000,65.17000000,51.79000000,61.65000000,56.77000000,1811190.59194000
1596412800000,60.03000000,55.71000000,56.77000000,58.48000000,825040.86283000
1596499200000,59.62000000,56.26000000,58.51000000,57.61000000,625555.61417000
1596585600000,59.77000000,56.73000000,57.62000000,58.88000000,716365.47473000
1596672000000,60.68000000,57.69000000,58.88000000,59.03000000,822577.34534000
1596758400000,61.08000000,54.51000000,59.03000000,57.17000000,897911.44061000
1596844800000,58.55000000,56.46000000,57.19000000,58.46000000,428217.70330000
1596931200000,58.67000000,56.00000000,58.46000000,56.96000000,368846.69372000
1597017600000,59.40000000,56.38000000,56.96000000,58.27000000,651148.79465000
1597104000000,59.67000000,52.37000000,58.27000000,54.10000000,887598.71928000
1597190400000,55.05000000,51.55000000,54.11000000,54.52000000,645092.49922000
1597276800000,57.30000000,51.86000000,54.54000000,57.14000000,837109.90719000
1597363200000,57.85000000,55.82000000,57.14000000,56.78000000,728312.30047000
1597449600000,60.87000000,56.45000000,56.78000000,59.85000000,1137795.12262000
1597536000000,64.60000000,57.80000000,59.85000000,63.87000000,1576897.59255000
1597622400000,68.88000000,61.34000000,63.89000000,67.22000000,1790813.80276000
1597708800000,68.37000000,63.37000000,67.22000000,65.40000000,1562910.41383000
1597795200000,67.15000000,58.73000000,65.42000000,62.12000000,1699324.38729000
1597881600000,63.68000000,61.00000000,62.08000000,62.80000000,867577.35764000
1597968000000,63.90000000,58.77000000,62.80000000,59.20000000,1054292.68684000
1598054400000,60.54000000,57.76000000,59.18000000,60.21000000,735637.16639000
1598140800000,61.63000000,58.01000000,60.21000000,60.55000000,629697.67740000
1598227200000,63.01000000,59.97000000,60.56000000,62.02000000,687323.05849000
1598313600000,62.29000000,56.60000000,62.03000000,58.34000000,1171220.25124000
1598400000000,59.10000000,57.02000000,58.33000000,58.10000000,663386.26018000
1598486400000,59.24000000,53.91000000,58.11000000,56.10000000,975870.10827000
1598572800000,58.28000000,55.33000000,56.12000000,57.38000000,644522.18905000
1598659200000,58.18000000,56.93000000,57.36000000,56.97000000,408492.18575000
1598745600000,62.95000000,56.93000000,56.95000000,62.89000000,839317.10194000
1598832000000,63.70000000,60.51000000,62.89000000,60.92000000,680146.78621000
1598918400000,64.31000000,59.69000000,60.94000000,62.69000000,972744.47944000
1599004800000,63.19000000,56.32000000,62.68000000,58.06000000,934006.30005000
1599091200000,58.62000000,45.33000000,58.07000000,47.28000000,1324245.74096000
1599177600000,52.38000000,46.24000000,47.28000000,50.32000000,1476516.48212000
1599264000000,51.32000000,45.21000000,50.33000000,47.83000000,1350657.16967000
1599350400000,49.25000000,46.28000000,47.82000000,47.92000000,653592.78694000
1599436800000,49.18000000,45.22000000,47.93000000,48.84000000,826692.56519000
1599523200000,49.35000000,45.98000000,48.85000000,47.47000000,760182.50564000
1599609600000,48.81000000,46.52000000,47.47000000,47.82000000,378772.50759000
1599696000000,49.45000000,47.77000000,47.82000000,48.67000000,474471.86038000
1599782400000,49.59000000,47.37000000,48.65000000,48.96000000,367092.22089000
1599868800000,51.31000000,48.38000000,48.95000000,50.80000000,451949.52403000
1599955200000,51.04000000,47.26000000,50.82000000,48.15000000,458828.41821000
1600041600000,49.65000000,47.11000000,48.17000000,49.08000000,493683.75375000
1600128000000,50.37000000,48.10000000,49.08000000,48.31000000,615374.46932000
1600214400000,48.75000000,46.91000000,48.29000000,47.76000000,409293.57783000
1600300800000,49.67000000,47.64000000,47.76000000,48.85000000,412392.29057000
1600387200000,49.07000000,47.44000000,48.85000000,48.54000000,322351.62539000
1600473600000,49.03000000,47.94000000,48.53000000,48.52000000,225043.69543000
1600560000000,48.51000000,46.15000000,48.51000000,47.09000000,309678.11312000
1600646400000,47.64000000,41.59000000,47.10000000,43.16000000,724381.66742000
1600732800000,44.79000000,42.75000000,43.17000000,44.47000000,334632.72915000
1600819200000,45.14000000,42.25000000,44.47000000,42.96000000,416831.71649000
1600905600000,45.29000000,42.56000000,42.99000000,44.92000000,385922.04928000
1600992000000,46.58000000,43.97000000,44.92000000,46.02000000,417026.33099000
1601078400000,46.56000000,45.12000000,46.01000000,46.03000000,239828.37016000
1601164800000,46.62000000,44.56000000,46.01000000,46.05000000,299821.64354000
1601251200000,47.14000000,44.80000000,46.05000000,45.23000000,500347.34059000
1601337600000,45.85000000,44.95000000,45.23000000,45.69000000,314875.69765000
1601424000000,46.70000000,45.44000000,45.68000000,46.24000000,294138.00474000
1601510400000,48.46000000,45.23000000,46.26000000,46.25000000,691422.81613000
1601596800000,46.97000000,43.19000000,46.25000000,44.88000000,518670.86558000
1601683200000,45.97000000,44.72000000,44.88000000,45.51000000,225825.74372000
1601769600000,47.07000000,45.28000000,45.50000000,46.69000000,257423.66188000
1601856000000,47.08000000,45.53000000,46.68000000,46.34000000,288147.27514000
1601942400000,48.25000000,45.52000000,46.35000000,45.99000000,650720.47185000
1602028800000,46.96000000,45.02000000,46.01000000,46.55000000,384596.71962000
1602115200000,47.50000000,45.45000000,46.56000000,47.21000000,412581.66491000
1602201600000,48.20000000,46.59000000,47.21000000,47.78000000,402514.89168000
1602288000000,50.46000000,47.76000000,47.78000000,48.88000000,426163.73877000
1602374400000,51.27000000,48.66000000,48.89000000,50.48000000,393329.63182000
1602460800000,51.50000000,49.24000000,50.48000000,50.58000000,622150.70858000
1602547200000,50.71000000,48.80000000,50.58000000,49.89000000,468445.05222000
1602633600000,51.04000000,49.27000000,49.90000000,49.79000000,381873.31223000
1602720000000,50.24000000,48.80000000,49.79000000,49.53000000,349966.03743000
1602806400000,49.84000000,45.60000000,49.52000000,47.60000000,603775.07786000
1602892800000,47.64000000,46.28000000,47.61000000,46.93000000,222964.85752000
1602979200000,47.98000000,46.78000000,46.92000000,47.54000000,164733.27305000
1603065600000,48.44000000,46.80000000,47.54000000,47.99000000,316808.83163000
1603152000000,48.46000000,46.36000000,47.99000000,46.88000000,399254.84677000
1603238400000,55.00000000,46.85000000,46.88000000,52.98000000,1425655.01750000
1603324800000,56.31000000,52.97000000,52.98000000,54.35000000,1405890.00408000
1603411200000,57.00000000,53.02000000,54.35000000,55.42000000,1079055.89232000
1603497600000,59.64000000,54.83000000,55.41000000,59.23000000,945746.17086000
1603584000000,60.00000000,56.53000000,59.22000000,58.84000000,907068.98603000
1603670400000,59.31000000,54.94000000,58.83000000,56.82000000,937505.27029000
1603756800000,59.06000000,56.46000000,56.80000000,57.91000000,846694.24825000
1603843200000,60.55000000,54.71000000,57.90000000,55.77000000,1227549.68318000
1603929600000,56.57000000,53.37000000,55.76000000,54.87000000,798253.73442000
1604016000000,55.78000000,52.20000000,54.88000000,54.01000000,706074.89769000
1604102400000,56.50000000,53.60000000,54.02000000,55.72000000,593903.97546000
1604188800000,56.19000000,54.07000000,55.69000000,55.60000000,369373.81151000
1604275200000,56.84000000,53.01000000,55.60000000,53.80000000,700498.49280000
1604361600000,54.37000000,51.13000000,53.82000000,53.96000000,672320.16238000
1604448000000,55.24000000,51.59000000,53.96000000,54.67000000,801009.79133000
1604534400000,59.73000000,54.62000000,54.70000000,58.95000000,1366335.62939000
1604620800000,63.68000000,58.61000000,58.94000000,63.20000000,1735473.54314000
1604707200000,64.77000000,57.00000000,63.22000000,58.90000000,1655539.62718000
1604793600000,62.03000000,58.52000000,58.90000000,61.02000000,795875.09498000
1604880000000,61.86000000,57.37000000,61.00000000,59.23000000,997800.78526000
1604966400000,59.60000000,57.04000000,59.22000000,57.93000000,639990.21607000
1605052800000,60.53000000,57.80000000,57.94000000,59.27000000,824536.88147000
1605139200000,60.82000000,57.60000000,59.28000000,60.72000000,830578.26228000
1605225600000,66.66000000,60.14000000,60.72000000,65.96000000,1974381.67036000
1605312000000,66.32000000,61.63000000,65.96000000,63.85000000,1017826.05829000
1605398400000,64.43000000,61.08000000,63.83000000,62.28000000,685249.75502000
1605484800000,74.62000000,62.08000000,62.29000000,73.84000000,2526207.15962000
1605571200000,77.00000000,71.36000000,73.83000000,76.32000000,2844994.89879000
1605657600000,77.13000000,67.77000000,76.32000000,73.42000000,2653342.04102000
1605744000000,83.40000000,71.47000000,73.41000000,81.53000000,2773824.05583000
1605830400000,85.63000000,79.99000000,81.54000000,82.53000000,2386175.15236000
1605916800000,88.50000000,80.10000000,82.55000000,87.14000000,2521719.40828000
1606003200000,87.92000000,77.30000000,87.09000000,82.87000000,2048304.58082000
1606089600000,90.93000000,80.80000000,82.87000000,89.03000000,2535636.06789000
1606176000000,94.02000000,84.60000000,89.04000000,89.25000000,2621715.64303000
1606262400000,90.76000000,78.05000000,89.27000000,81.75000000,1631940.24087000
1606348800000,83.29000000,64.45000000,81.75000000,71.00000000,3435959.29518000
1606435200000,73.50000000,65.30000000,70.99000000,69.15000000,1707521.50402000
1606521600000,74.97000000,68.26000000,69.18000000,72.70000000,1483068.35897000
1606608000000,81.07000000,71.51000000,72.68000000,78.91000000,1514540.21111000
1606694400000,88.46000000,76.63000000,78.89000000,87.65000000,2118965.66781000
1606780800000,93.01000000,79.56000000,87.66000000,85.08000000,3600461.26285000
1606867200000,90.63000000,82.61000000,85.07000000,88.90000000,2135078.47937000
1606953600000,91.50000000,85.46000000,88.89000000,89.00000000,1690248.45885000
1607040000000,89.84000000,77.80000000,89.01000000,79.52000000,1701697.85317000
1607126400000,84.28000000,78.61000000,79.52000000,83.14000000,1278363.44579000
1607212800000,85.19000000,80.31000000,83.11000000,83.55000000,921046.75996000
1607299200000,86.87000000,81.73000000,83.54000000,83.37000000,1145446.47407000
1607385600000,84.83000000,75.41000000,83.37000000,76.76000000,1230953.86975000
1607472000000,78.14000000,72.13000000,76.75000000,77.41000000,1378314.59353000
1607558400000,77.66000000,72.51000000,77.41000000,74.70000000,900570.55820000
1607644800000,75.09000000,69.87000000,74.77000000,72.20000000,1484095.85234000
1607731200000,77.58000000,71.97000000,72.20000000,76.67000000,872394.12884000
1607817600000,84.38000000,75.52000000,76.64000000,82.28000000,1278882.98328000
1607904000000,82.98000000,79.11000000,82.27000000,82.35000000,1102081.73026000
1607990400000,84.93000000,80.39000000,82.38000000,81.32000000,1348469.20889000
1608076800000,93.44000000,78.31000000,81.36000000,92.94000000,2349124.19924000
1608163200000,109.80000000,90.00000000,92.94000000,101.01000000,4161454.89253000
1608249600000,112.88000000,99.24000000,100.99000000,109.34000000,3141671.53609000
1608336000000,124.24000000,105.31000000,109.34000000,119.85000000,2753360.19971000
1608422400000,123.21000000,109.76000000,119.85000000,114.58000000,2671305.32839000
1608508800000,118.65000000,100.31000000,114.59000000,104.45000000,2599527.81365000
1608595200000,114.63000000,98.35000000,104.48000000,114.32000000,3210319.32528000
1608681600000,117.29000000,95.23000000,114.31000000,102.45000000,3923591.07434000
1608768000000,112.32000000,98.55000000,102.46000000,111.13000000,2696980.51697000
1608854400000,128.63000000,108.18000000,111.13000000,127.78000000,3117913.94898000
1608940800000,135.19000000,124.94000000,127.74000000,129.61000000,3461075.64730000
1609027200000,139.47000000,121.88000000,129.61000000,127.88000000,3743173.13001000
1609113600000,137.41000000,126.37000000,127.83000000,129.83000000,2349842.95502000
1609200000000,130.90000000,120.00000000,129.84000000,128.80000000,1732248.38409000
1609286400000,133.11000000,122.63000000,128.80000000,130.05000000,1727676.64100000
1609372800000,130.35000000,121.98000000,130.06000000,124.21000000,1248723.03424000
1609459200000,133.97000000,122.89000000,124.22000000,126.24000000,1539801.80815000
1609545600000,142.00000000,123.15000000,126.20000000,136.96000000,2442266.76500000
1609632000000,164.70000000,135.30000000,136.94000000,161.24000000,3813834.07669000
1609718400000,173.66000000,139.31000000,161.23000000,155.34000000,3530422.20392000
1609804800000,162.80000000,146.52000000,155.33000000,158.43000000,1998205.92425000
1609891200000,169.72000000,154.95000000,158.46000000,168.92000000,1857831.43166000
1609977600000,181.22000000,161.18000000,168.96000000,169.35000000,2493533.99480000
1610064000000,181.92000000,150.00000000,169.35000000,172.19000000,2843159.70340000
1610150400000,178.80000000,163.30000000,172.28000000,177.26000000,1749781.84973000
1610236800000,185.83000000,161.86000000,177.27000000,170.07000000,2269705.04460000
1610323200000,170.74000000,112.70000000,170.06000000,138.87000000,4989528.65149000
1610409600000,146.86000000,128.00000000,138.88000000,133.42000000,2825579.61257000
1610496000000,148.46000000,125.90000000,133.44000000,147.38000000,2153426.27798000
1610582400000,156.89000000,143.55000000,147.39000000,152.50000000,2033762.60027000
1610668800000,155.74000000,130.00000000,152.46000000,143.65000000,2104225.51210000
1610755200000,152.59000000,139.28000000,143.66000000,143.52000000,1784053.82975000
1610841600000,147.00000000,136.22000000,143.52000000,142.80000000,1379082.37920000
1610928000000,154.99000000,138.44000000,142.78000000,151.96000000,1644947.14813000
1611014400000,166.02000000,150.18000000,151.97000000,151.86000000,2288798.47777000
1611100800000,156.15000000,138.40000000,151.85000000,149.69000000,2037654.31965000
1611187200000,150.25000000,125.64000000,149.67000000,129.72000000,2114912.93172000
1611273600000,141.85000000,122.70000000,129.70000000,137.66000000,1979078.00560000
1611360000000,143.52000000,135.05000000,137.65000000,137.67000000,969988.56158000
1611446400000,142.65000000,133.73000000,137.66000000,141.01000000,917459.85058000
1611532800000,147.87000000,136.62000000,141.01000000,137.07000000,1380902.39350000
1611619200000,139.76000000,127.85000000,137.07000000,134.67000000,1093141.08136000
1611705600000,134.96000000,118.13000000,134.69000000,122.44000000,1240323.68178000
1611792000000,135.84000000,120.74000000,122.45000000,133.27000000,1074760.50528000
1611878400000,145.50000000,131.44000000,133.25000000,134.65000000,2193040.38440000
1611964800000,136.23000000,128.02000000,134.67000000,133.36000000,1215569.95596000
1612051200000,135.06000000,125.67000000,133.35000000,129.36000000,917993.35191000
1612137600000,136.63000000,125.95000000,129.37000000,132.00000000,1167609.37029000
1612224000000,145.82000000,131.87000000,131.99000000,141.98000000,1884558.49538000
1612310400000,156.70000000,141.92000000,141.96000000,155.93000000,1820822.28924000
1612396800000,158.68000000,141.03000000,155.94000000,145.07000000,1766938.56965000
1612483200000,156.93000000,143.45000000,145.05000000,155.05000000,1572009.29596000
1612569600000,164.27000000,149.82000000,155.05000000,155.57000000,1879526.24312000
1612656000000,157.29000000,145.23000000,155.57000000,150.76000000,1259975.92894000
1612742400000,169.38000000,147.76000000,150.76000000,167.28000000,1894490.90608000
1612828800000,184.49000000,164.22000000,167.28000000,181.49000000,1981149.12366000
1612915200000,195.17000000,169.57000000,181.52000000,181.56000000,2781973.96254000
1613001600000,193.59000000,175.72000000,181.59000000,183.62000000,1664189.08770000
1613088000000,199.84000000,176.75000000,183.62000000,196.69000000,1946870.34253000
1613174400000,229.07000000,191.45000000,196.71000000,225.76000000,2843517.28691000
1613260800000,230.77000000,208.11000000,225.77000000,213.49000000,1765475.48101000
1613347200000,219.99000000,185.31000000,213.47000000,207.83000000,2173405.17958000
1613433600000,222.48000000,200.10000000,208.03000000,210.26000000,1660812.39786000
1613520000000,237.75000000,203.37000000,210.23000000,237.49000000,1839179.97093000
1613606400000,239.18000000,221.00000000,237.39000000,226.59000000,1580820.71000000
1613692800000,241.92000000,220.06000000,226.58000000,236.50000000,1402427.87852000
1613779200000,247.04000000,214.02000000,236.45000000,226.65000000,1701950.27455000
1613865600000,233.78000000,220.06000000,226.77000000,227.13000000,1268407.03046000
1613952000000,227.39000000,180.00000000,227.17000000,208.32000000,2556958.22160000
1614038400000,208.80000000,157.29000000,208.10000000,177.34000000,3669737.32689000
1614124800000,189.46000000,169.08000000,177.35000000,181.43000000,1827554.60176000
1614211200000,205.21000000,175.00000000,181.43000000,179.36000000,1961972.04220000
1614297600000,182.86000000,162.74000000,179.36000000,170.25000000,2180233.25143000
1614384000000,180.48000000,167.13000000,170.20000000,171.76000000,1113606.44010000
1614470400000,173.42000000,152.88000000,171.75000000,165.22000000,1682228.22219000
1614556800000,176.46000000,163.30000000,165.27000000,175.89000000,1216268.49518000
1614643200000,185.32000000,170.69000000,175.90000000,179.08000000,1441741.00235000
1614729600000,196.49000000,176.79000000,179.06000000,187.64000000,1873295.01116000
1614816000000,194.40000000,176.83000000,187.70000000,180.67000000,1485337.09208000
1614902400000,183.57000000,168.50000000,180.66000000,180.23000000,1182501.69882000
1614988800000,184.67000000,174.68000000,180.21000000,182.85000000,935959.96790000
1615075200000,192.24000000,182.25000000,182.86000000,190.75000000,820418.23901000
1615161600000,195.28000000,179.58000000,190.75000000,191.85000000,1171979.04352000
1615248000000,205.00000000,188.92000000,191.86000000,203.81000000,1279698.49896000
1615334400000,208.00000000,191.47000000,203.80000000,200.29000000,1422079.58464000
1615420800000,203.54000000,191.03000000,200.29000000,201.36000000,981380.12090000
1615507200000,224.23000000,198.41000000,201.37000000,220.84000000,2081683.73697000
1615593600000,230.23000000,212.70000000,220.80000000,226.06000000,1330663.68103000
1615680000000,228.12000000,213.84000000,226.08000000,213.94000000,806542.74173000
1615766400000,222.58000000,197.56000000,214.00000000,200.59000000,1413381.72445000
1615852800000,205.53000000,191.15000000,200.59000000,201.60000000,1063051.80222000
1615939200000,206.94000000,194.13000000,201.61000000,205.98000000,885644.66746000
1616025600000,208.25000000,199.13000000,205.96000000,199.70000000,774419.42586000
1616112000000,205.00000000,195.81000000,199.72000000,199.96000000,536877.41275000
1616198400000,206.10000000,198.82000000,199.96000000,200.17000000,473637.43878000
1616284800000,202.00000000,192.00000000,200.16000000,195.31000000,581731.80679000
1616371200000,199.00000000,184.42000000,195.33000000,185.67000000,725506.72916000
1616457600000,189.44000000,181.12000000,185.69000000,185.83000000,638849.27686000
1616544000000,197.17000000,172.00000000,185.82000000,176.05000000,1189902.97985000
1616630400000,179.03000000,167.86000000,176.05000000,171.53000000,956666.86464000
1616716800000,183.82000000,171.44000000,171.53000000,183.45000000,721838.20194000
1616803200000,186.12000000,177.75000000,183.44000000,184.06000000,475886.83873000
1616889600000,187.29000000,180.00000000,184.06000000,184.24000000,380545.16211000
